GLKT0ZE01A4DGW,p0
GLKT0ZE01AINU5,p0
GLKT0ZE01ECQB8,p1
GLKT0ZE01CUTYW,p1
GLKT0ZE01B59PD,p1
GLKT0ZE01ENIVY,p0
GLKT0ZE01DJQ8G,p1
GLKT0ZE01CBGEL,p1
GLKT0ZE01EDYLF,p0
GLKT0ZE01BTSTZ,p0
GLKT0ZE01DNTLN,p0
GLKT0ZE01DAHXJ,p1
GLKT0ZE01B9WIP,p1
GLKT0ZE01BP2RY,p1
GLKT0ZE01DRL19,p0
GLKT0ZE01BKVOD,p0
GLKT0ZE01A1EB6,p0
GLKT0ZE01AZY1R,p1
GLKT0ZE01B7EXY,p1
GLKT0ZE01AQJQK,p0
GLKT0ZE01DAM0C,p0
GLKT0ZE01BPIFC,p0
GLKT0ZE01AWRPZ,p1
GLKT0ZE01EUAAF,p1
GLKT0ZE01ENRAD,p0
GLKT0ZE01EMGXD,p0
GLKT0ZE01BYX9U,p0
GLKT0ZE01BCVU0,p1
GLKT0ZE01A6R6X,p1
GLKT0ZE01AO5TC,p0
GLKT0ZE01AE28O,p1
GLKT0ZE01APFH3,p1
GLKT0ZE01EG0BL,p0
GLKT0ZE01C1BJZ,p0
GLKT0ZE01E3B7C,p0
GLKT0ZE01EUZKU,p0
GLKT0ZE01ARZBZ,p1
GLKT0ZE01EEOTJ,p1
GLKT0ZE01B46V5,p0
GLKT0ZE01DQ9FH,p1
GLKT0ZE01DJ192,p1
GLKT0ZE01AYV6N,p0
GLKT0ZE01A32NO,p0
GLKT0ZE01D3UF3,p1
GLKT0ZE01C0CXZ,p0
GLKT0ZE01DSBYY,p1
GLKT0ZE01C0CXT,p0
GLKT0ZE01BRIIK,p1
GLKT0ZE01C5N9V,p1
GLKT0ZE01CYHAW,p1
GLKT0ZE01DERX2,p1
GLKT0ZE01DERJR,p1
GLKT0ZE01EU682,p0
GLKT0ZE01D1LFF,p1
GLKT0ZE01DL9RC,p0
GLKT0ZE01EZ9WM,p0
GLKT0ZE01BIW74,p0
GLKT0ZE01DYZ2J,p1
GLKT0ZE01DE7SO,p0
GLKT0ZE01D7NRM,p1
GLKT0ZE01EZQFK,p0
GLKT0ZE01C5G3T,p0
GLKT0ZE01EHEEA,p0
GLKT0ZE01ENPCV,p1
GLKT0ZE01CSBQB,p1
GLKT0ZE01ENPCS,p0
GLKT0ZE01A1RUZ,p0
GLKT0ZE01D7W64,p1
GLKT0ZE01BHU93,p1
GLKT0ZE01DYM25,p1
GLKT0ZE01EAFYD,p0
GLKT0ZE01C0987,p0
GLKT0ZE01CYA9G,p1
GLKT0ZE01D3268,p0
GLKT0ZE01A05Z5,p1
GLKT0ZE01EMD0Y,p0
GLKT0ZE01CSORJ,p1
GLKT0ZE01AYHW9,p0
GLKT0ZE01BMQRU,p0
GLKT0ZE01B3X0Z,p0
GLKT0ZE01CBX15,p1
GLKT0ZE01CZTV1,p0
GLKT0ZE01CNF7R,p0
GLKT0ZE01A1B65,p0
GLKT0ZE01AOOP3,p0
GLKT0ZE01ER2OL,p1
GLKT0ZE01C6VVX,p1
GLKT0ZE01D9RAT,p0
GLKT0ZE01CVFWM,p1
GLKT0ZE01DWRR8,p0
GLKT0ZE01EQAKO,p0
GLKT0ZE01CLPZN,p0
GLKT0ZE01A5G5F,p1
GLKT0ZE01D093J,p0
GLKT0ZE01EQTQJ,p1
GLKT0ZE01BFXCC,p0
GLKT0ZE01D3HGG,p1
GLKT0ZE01BYS0B,p0
GLKT0ZE01DP06U,p0
GLKT0ZE01ELDLD,p0
GLKT0ZE01ECIVV,p1
GLKT0ZE01A81HE,p1
GLKT0ZE01CLHW0,p0
GLKT0ZE01BEB8T,p1
GLKT0ZE01DXTCP,p1
GLKT0ZE01AWF70,p0
GLKT0ZE01B3WC8,p0
GLKT0ZE01CEXM9,p1
GLKT0ZE01A8RFS,p1
GLKT0ZE01A4LR1,p1
GLKT0ZE01AUXOX,p1
GLKT0ZE01BHX0D,p1
GLKT0ZE01EI17Z,p1
GLKT0ZE01C050L,p1
GLKT0ZE01AHFQ0,p0
GLKT0ZE01CP948,p1
GLKT0ZE01CWRFA,p1
GLKT0ZE01CEJEE,p0
GLKT0ZE01BY647,p1
GLKT0ZE01AW7TD,p0
GLKT0ZE01BSFS2,p1
GLKT0ZE01BKW3E,p1
GLKT0ZE01EESHW,p1
GLKT0ZE01CWOJK,p1
GLKT0ZE01CB4ZL,p1
GLKT0ZE01AHVJP,p0
GLKT0ZE01BW1YC,p0
GLKT0ZE01B9XAB,p0
GLKT0ZE01EPNYH,p1
GLKT0ZE01EFOLH,p0
GLKT0ZE01AHFQC,p1
GLKT0ZE01B5K03,p0
GLKT0ZE01BVEWT,p0
GLKT0ZE01A8DK1,p1
GLKT0ZE01BVXP7,p0
GLKT0ZE01EFH2H,p1
GLKT0ZE01EQ7QI,p0
GLKT0ZE01DUU09,p0
GLKT0ZE01CRY96,p0
GLKT0ZE01CQ2BU,p1
GLKT0ZE01EYOY4,p0
GLKT0ZE01EJGM2,p1
GLKT0ZE01D1Z3H,p1
GLKT0ZE01CMPB1,p0
GLKT0ZE01ATQK9,p0
GLKT0ZE01CBAI6,p1
GLKT0ZE01DFNSE,p0
GLKT0ZE01EYN8Z,p0
GLKT0ZE01A6E2G,p0
GLKT0ZE01C6UAY,p0
GLKT0ZE01B1CW5,p0
GLKT0ZE01EN689,p0
GLKT0ZE01CPKQR,p1
GLKT0ZE01EU4FX,p0
GLKT0ZE01EOEQD,p0
GLKT0ZE01A795U,p1
GLKT0ZE01ERL9F,p1
GLKT0ZE01ESK6X,p0
GLKT0ZE01DGHXS,p1
GLKT0ZE01E3VNC,p1
GLKT0ZE01E1RI8,p0
GLKT0ZE01BXJRD,p1
GLKT0ZE01AJVPQ,p1
GLKT0ZE01DU9IW,p1
GLKT0ZE01ERYLI,p0
GLKT0ZE01CQP0C,p0
GLKT0ZE01CAERY,p0
GLKT0ZE01D4CIK,p0
GLKT0ZE01BK3K5,p0
GLKT0ZE01CVMRS,p0
GLKT0ZE01EMORI,p0
GLKT0ZE01DJTIO,p0
GLKT0ZE01BANG6,p1
GLKT0ZE01BQLOC,p0
GLKT0ZE01D7XG7,p0
GLKT0ZE01BHAB6,p0
GLKT0ZE01DLY0B,p0
GLKT0ZE01CZQ9E,p1
GLKT0ZE01CKJTQ,p1
GLKT0ZE01AWH64,p1
GLKT0ZE01AH8GP,p1
GLKT0ZE01EOZW1,p0
GLKT0ZE01CEKTP,p0
GLKT0ZE01EKWX5,p0
GLKT0ZE01AGENH,p0
GLKT0ZE01AGYPL,p0
GLKT0ZE01DXPK6,p0
GLKT0ZE01COK82,p0
GLKT0ZE01DUE68,p0
GLKT0ZE01CX9BE,p0
GLKT0ZE01D76T5,p0
GLKT0ZE01EJLHS,p0
GLKT0ZE01C6RK9,p1
GLKT0ZE01BDQDC,p1
GLKT0ZE01CV86Q,p1
GLKT0ZE01AS97C,p0
GLKT0ZE01B1SB4,p0
GLKT0ZE01D5NLG,p1
GLKT0ZE01D3LZK,p1
GLKT0ZE01BQP4R,p1
GLKT0ZE01D4WE9,p0
GLKT0ZE01AUEBW,p1
GLKT0ZE01EOJJW,p1
GLKT0ZE01AG4BP,p1
GLKT0ZE01A4KAH,p1
GLKT0ZE01CIIDQ,p1
GLKT0ZE01C85M7,p0
GLKT0ZE01DVERJ,p0
GLKT0ZE01CM6YM,p0
GLKT0ZE01EQBHO,p0
GLKT0ZE01EXY7G,p1
GLKT0ZE01ENH3S,p0
GLKT0ZE01C467Y,p0
GLKT0ZE01DF3S7,p0
GLKT0ZE01EKQ54,p1
GLKT0ZE01BPFSW,p1
GLKT0ZE01DXJ4E,p0
GLKT0ZE01B32PR,p0
GLKT0ZE01ER5MP,p1
GLKT0ZE01EUM8N,p0
GLKT0ZE01AK82H,p1
GLKT0ZE01DXTA2,p1
GLKT0ZE01B7KUH,p1
GLKT0ZE01AS8AC,p0
GLKT0ZE01AD6HZ,p1
GLKT0ZE01AZXAB,p0
GLKT0ZE01DSBE1,p1
GLKT0ZE01DD2WI,p1
GLKT0ZE01BHR15,p1
GLKT0ZE01BI35Q,p0
GLKT0ZE01AXAYZ,p0
GLKT0ZE01BAG7B,p1
GLKT0ZE01AOIMX,p1
GLKT0ZE01D0C3P,p1
GLKT0ZE01AWCD3,p1
GLKT0ZE01BWMRF,p0
GLKT0ZE01DZEQF,p1
GLKT0ZE01CPWLG,p1
GLKT0ZE01AIIYT,p0
GLKT0ZE01AX9HR,p0
GLKT0ZE01A4UPM,p1
GLKT0ZE01CQTGK,p0
GLKT0ZE01CNTDH,p1
GLKT0ZE01BH36B,p1
GLKT0ZE01ED53F,p1
GLKT0ZE01ALSM0,p0
GLKT0ZE01C4HF4,p0
GLKT0ZE01BSLKI,p1
GLKT0ZE01BOMCM,p0
GLKT0ZE01BY7KM,p1
GLKT0ZE01DT4L6,p1
GLKT0ZE01CZEX3,p1
GLKT0ZE01BAA5S,p1
GLKT0ZE01AK13J,p1
GLKT0ZE01AVXRX,p1
GLKT0ZE01DFAEK,p1
GLKT0ZE01DX3BU,p0
GLKT0ZE01DX7OG,p1
GLKT0ZE01EKV3R,p0
GLKT0ZE01CUATA,p1
GLKT0ZE01C65WU,p0
GLKT0ZE01EIPS7,p1
GLKT0ZE01EUQDN,p1
GLKT0ZE01D54D0,p1
GLKT0ZE01A2UJR,p0
GLKT0ZE01B3YMX,p1
GLKT0ZE01A8J6J,p0
GLKT0ZE01DIJZQ,p0
GLKT0ZE01AR7GQ,p0
GLKT0ZE01CB2JD,p1
GLKT0ZE01B9BD6,p0
GLKT0ZE01COOCN,p0
GLKT0ZE01BSU90,p0
GLKT0ZE01EK92R,p0
GLKT0ZE01EO4EA,p0
GLKT0ZE01DGURZ,p0
GLKT0ZE01D4X38,p1
GLKT0ZE01DUMQQ,p1
GLKT0ZE01CT947,p0
GLKT0ZE01ED9BC,p1
GLKT0ZE01C6SR7,p0
GLKT0ZE01D3F6Z,p1
GLKT0ZE01C98LE,p0
GLKT0ZE01AZOZB,p0
GLKT0ZE01EDXHD,p1
GLKT0ZE01AFHUH,p0
GLKT0ZE01DCXUX,p1
GLKT0ZE01BFXNS,p0
GLKT0ZE01C4QSM,p1
GLKT0ZE01C8SOF,p0
GLKT0ZE01D46L9,p1
GLKT0ZE01D1JKQ,p1
GLKT0ZE01CMT6V,p1
GLKT0ZE01A0S0F,p1
GLKT0ZE01E1RNV,p0
GLKT0ZE01DB2CW,p0
GLKT0ZE01BUZ9K,p1
GLKT0ZE01E0489,p1
GLKT0ZE01DDVX3,p1
GLKT0ZE01DPO80,p0
GLKT0ZE01CDA39,p0
GLKT0ZE01C6ALQ,p0
GLKT0ZE01AMRE3,p0
GLKT0ZE01EJH3N,p0
GLKT0ZE01ED2PF,p1
GLKT0ZE01C9UIT,p0
GLKT0ZE01D6PVF,p1
GLKT0ZE01B2H58,p0
GLKT0ZE01DAIF3,p0
GLKT0ZE01E0OUS,p1
GLKT0ZE01A1VE4,p0
GLKT0ZE01CC69S,p1
GLKT0ZE01CJK9E,p0
GLKT0ZE01AX035,p1
GLKT0ZE01CXZQF,p1
GLKT0ZE01A2LGG,p1
GLKT0ZE01A8H8T,p0
GLKT0ZE01B6I8F,p0
GLKT0ZE01ASXH4,p1
GLKT0ZE01AQM5E,p0
GLKT0ZE01COLND,p1
GLKT0ZE01C9UIZ,p1
GLKT0ZE01BY3LE,p0
GLKT0ZE01ATALJ,p0
GLKT0ZE01DVEZ0,p0
GLKT0ZE01BTVTB,p0
GLKT0ZE01A0X70,p1
GLKT0ZE01EPH83,p1
GLKT0ZE01BEKN7,p0
GLKT0ZE01BJSX5,p1
GLKT0ZE01ANZP0,p0
GLKT0ZE01A0ZPJ,p1
GLKT0ZE01AS70Q,p0
GLKT0ZE01C406E,p1
GLKT0ZE01EJ3MI,p1
GLKT0ZE01CNQH3,p0
GLKT0ZE01AMNDQ,p0
GLKT0ZE01AWBQX,p1
GLKT0ZE01E3EZR,p0
GLKT0ZE01D757C,p0
GLKT0ZE01DM7J5,p0
GLKT0ZE01B8FZR,p1
GLKT0ZE01A8GUZ,p1
GLKT0ZE01BVPHG,p1
GLKT0ZE01C9GDG,p1
GLKT0ZE01EVV1I,p1
GLKT0ZE01CA5AD,p0
GLKT0ZE01DGDCR,p0
GLKT0ZE01EWBVN,p0
GLKT0ZE01CEMAU,p1
GLKT0ZE01C6HBK,p0
GLKT0ZE01BGKJF,p1
GLKT0ZE01EFFE4,p0
GLKT0ZE01BP6JS,p1
GLKT0ZE01CTVWR,p0
GLKT0ZE01EJ1I3,p0
GLKT0ZE01EI23P,p0
GLKT0ZE01BECG8,p1
GLKT0ZE01C5VU7,p0
GLKT0ZE01AUSFL,p1
GLKT0ZE01A57GC,p0
GLKT0ZE01BDTS6,p0
GLKT0ZE01EN9ND,p0
GLKT0ZE01A4U5E,p1
GLKT0ZE01EYPON,p1
GLKT0ZE01A7CPE,p0
GLKT0ZE01AJDGU,p1
GLKT0ZE01D6QCQ,p0
GLKT0ZE01CS9BW,p0
GLKT0ZE01A13JJ,p1
GLKT0ZE01CSI4D,p1
GLKT0ZE01CSO03,p0
GLKT0ZE01AS8PD,p1
GLKT0ZE01ECACO,p0
GLKT0ZE01D7UEI,p0
GLKT0ZE01CM7DT,p0
GLKT0ZE01A0ROD,p0
GLKT0ZE01AIA4X,p1
GLKT0ZE01ATTFM,p1
GLKT0ZE01C0ZA9,p1
GLKT0ZE01D2LWF,p1
GLKT0ZE01BHRSZ,p0
GLKT0ZE01BTKYL,p0
GLKT0ZE01CFHTM,p1
GLKT0ZE01D5I6I,p0
GLKT0ZE01D9XX5,p1
GLKT0ZE01D2QAO,p1
GLKT0ZE01CGY4M,p0
GLKT0ZE01DYVEV,p1
GLKT0ZE01EN8WT,p1
GLKT0ZE01B3WHR,p1
GLKT0ZE01DT5A3,p1
GLKT0ZE01DL8LS,p1
GLKT0ZE01D8KW3,p1
GLKT0ZE01CBJD5,p1
GLKT0ZE01BV36F,p0
GLKT0ZE01AUUNG,p1
GLKT0ZE01DEX5G,p0
GLKT0ZE01B1TDO,p0
GLKT0ZE01AGL8Y,p1
GLKT0ZE01EHUDE,p0
GLKT0ZE01DBGUN,p1
GLKT0ZE01AMNQZ,p1
GLKT0ZE01B13KY,p0
GLKT0ZE01COM2B,p0
GLKT0ZE01D6047,p0
GLKT0ZE01EKAOO,p1
GLKT0ZE01C70M5,p1
GLKT0ZE01BE86U,p0
GLKT0ZE01BP3DJ,p0
GLKT0ZE01EASV7,p1
GLKT0ZE01DPCCF,p0
GLKT0ZE01EMQXZ,p1
GLKT0ZE01CMVBB,p1
GLKT0ZE01C7MEC,p1
GLKT0ZE01BVE2I,p0
GLKT0ZE01DXO7K,p0
GLKT0ZE01A8U0R,p1
GLKT0ZE01EQAGU,p1
GLKT0ZE01D7WOD,p1
GLKT0ZE01CFQYG,p0
GLKT0ZE01C5RGR,p1
GLKT0ZE01APSJM,p0
GLKT0ZE01AVVMM,p1
GLKT0ZE01AMYD6,p1
GLKT0ZE01BHWBI,p1
GLKT0ZE01CMB9B,p0
GLKT0ZE01DRYBY,p0
GLKT0ZE01EDT0Y,p1
GLKT0ZE01CLKVX,p1
GLKT0ZE01BMCET,p0
GLKT0ZE01EQ21M,p0
GLKT0ZE01B9JH4,p0
GLKT0ZE01DQRN6,p0
GLKT0ZE01C57IJ,p0
GLKT0ZE01AI3ZV,p0
GLKT0ZE01D7RKS,p0
GLKT0ZE01A047Z,p1
GLKT0ZE01EJMC0,p1
GLKT0ZE01E0F6E,p0
GLKT0ZE01BIZY0,p1
GLKT0ZE01BSA25,p0
GLKT0ZE01A1O0T,p0
GLKT0ZE01A96PC,p1
GLKT0ZE01A29FP,p1
GLKT0ZE01A0WDX,p1
GLKT0ZE01BEHKS,p1
GLKT0ZE01CZABU,p0
GLKT0ZE01B2WPQ,p0
GLKT0ZE01BKYXJ,p0
GLKT0ZE01E023D,p1
GLKT0ZE01DK9DP,p1
GLKT0ZE01EHFWI,p0
GLKT0ZE01CUQ8G,p1
GLKT0ZE01AJFDD,p1
GLKT0ZE01AVNFH,p0
GLKT0ZE01EBRBY,p0
GLKT0ZE01B2EWB,p1
GLKT0ZE01CLTFB,p0
GLKT0ZE01DU2YD,p1
GLKT0ZE01C365T,p1
GLKT0ZE01DPNAT,p0
GLKT0ZE01E2A3V,p1
GLKT0ZE01D5BE6,p0
GLKT0ZE01BHJXY,p0
GLKT0ZE01DUCPP,p1
GLKT0ZE01A0R63,p1
GLKT0ZE01CVRJB,p1
GLKT0ZE01A7RPG,p0
GLKT0ZE01BRDFL,p1
GLKT0ZE01EGPCN,p0
GLKT0ZE01CUSHK,p1
GLKT0ZE01AM0UX,p0
GLKT0ZE01AI505,p0
GLKT0ZE01ATK4W,p0
GLKT0ZE01C697A,p1
GLKT0ZE01CUJQR,p0
GLKT0ZE01DLKFY,p0
GLKT0ZE01AN1GF,p1
GLKT0ZE01EIZGC,p0
GLKT0ZE01AXUI3,p1
GLKT0ZE01C4KLN,p0
GLKT0ZE01BFVKE,p0
GLKT0ZE01CXYPI,p1
GLKT0ZE01DADHQ,p1
GLKT0ZE01AW1LC,p1
GLKT0ZE01AMO86,p0
GLKT0ZE01AW1LF,p0
GLKT0ZE01CFYOZ,p1
GLKT0ZE01EIO8C,p1
GLKT0ZE01EZ61T,p1
GLKT0ZE01CNV5G,p0
GLKT0ZE01CMSRX,p1
GLKT0ZE01BMJGO,p0
GLKT0ZE01DS6K7,p1
GLKT0ZE01AEABN,p1
GLKT0ZE01ASN1M,p1
GLKT0ZE01ENA0Z,p0
GLKT0ZE01EG84C,p0
GLKT0ZE01D0RZB,p0
GLKT0ZE01DKKLN,p1
GLKT0ZE01D1FJ2,p1
GLKT0ZE01AGFB3,p0
GLKT0ZE01EJKA6,p1
GLKT0ZE01C9FCM,p0
GLKT0ZE01AH2R9,p1
GLKT0ZE01D88P0,p1
GLKT0ZE01BNXM0,p1
GLKT0ZE01BHE5R,p0
GLKT0ZE01E083P,p0
GLKT0ZE01APL5S,p1
GLKT0ZE01EJYYO,p0
GLKT0ZE01ESKFV,p0
GLKT0ZE01AF9T6,p0
GLKT0ZE01BZ1U9,p1
GLKT0ZE01EKUV9,p0
GLKT0ZE01B298V,p1
GLKT0ZE01B15D8,p0
GLKT0ZE01B2NKQ,p1
GLKT0ZE01BDPVQ,p0
GLKT0ZE01BUF0D,p1
GLKT0ZE01DTXR7,p1
GLKT0ZE01AO1KH,p0
GLKT0ZE01ALY63,p0
GLKT0ZE01CB1H1,p1
GLKT0ZE01BBWF7,p1
GLKT0ZE01DNE42,p0
GLKT0ZE01CUPRI,p1
GLKT0ZE01C4GBN,p1
GLKT0ZE01BFEUM,p1
GLKT0ZE01AOA5Z,p1
GLKT0ZE01EKYQ4,p1
GLKT0ZE01CCUKM,p1
GLKT0ZE01A4DJJ,p1
GLKT0ZE01EMBVW,p0
GLKT0ZE01B136E,p0
GLKT0ZE01A9IMV,p1
GLKT0ZE01CFECU,p1
GLKT0ZE01D5CZ5,p1
GLKT0ZE01DAJQC,p1
GLKT0ZE01EDZ58,p1
GLKT0ZE01B36ZU,p1
GLKT0ZE01C6GE6,p0
GLKT0ZE01DY6KG,p0
GLKT0ZE01A7YX9,p0
GLKT0ZE01BXY59,p0
GLKT0ZE01CI9CF,p0
GLKT0ZE01EN5JW,p1
GLKT0ZE01BYG5Q,p1
GLKT0ZE01BMFZT,p1
GLKT0ZE01B3HDX,p1
GLKT0ZE01DKSM5,p0
GLKT0ZE01EEA7Z,p0
GLKT0ZE01C3UBP,p0
GLKT0ZE01CJ8G9,p1
GLKT0ZE01BTQAX,p0
GLKT0ZE01A3QOU,p1
GLKT0ZE01BNFXU,p1
GLKT0ZE01B8PDZ,p1
GLKT0ZE01BSG3F,p1
GLKT0ZE01CE60L,p0
GLKT0ZE01CTHB6,p0
GLKT0ZE01BG9QQ,p1
GLKT0ZE01EVIOB,p0
GLKT0ZE01CJ55T,p0
GLKT0ZE01DQNF0,p1
GLKT0ZE01EAD55,p0
GLKT0ZE01CSAFE,p1
GLKT0ZE01AE5ZL,p1
GLKT0ZE01BD25Y,p0
GLKT0ZE01AZO47,p1
GLKT0ZE01C5PT4,p0
GLKT0ZE01CXBQ5,p1
GLKT0ZE01AFN7P,p0
GLKT0ZE01BG55P,p0
GLKT0ZE01BQMD9,p1
GLKT0ZE01B2J5N,p1
GLKT0ZE01DMK2J,p1
GLKT0ZE01C4I4I,p0
GLKT0ZE01BYYUC,p1
GLKT0ZE01CZOF6,p1
GLKT0ZE01CO7YF,p1
GLKT0ZE01BQW75,p1
GLKT0ZE01AU3G6,p1
GLKT0ZE01AM2BW,p1
GLKT0ZE01D4YE4,p0
GLKT0ZE01CSJWR,p0
GLKT0ZE01EP3X1,p1
GLKT0ZE01DS8JA,p1
GLKT0ZE01CFDD4,p0
GLKT0ZE01BU9JE,p1
GLKT0ZE01D8K2M,p0
GLKT0ZE01D2D2S,p0
GLKT0ZE01C63T7,p0
GLKT0ZE01C02N0,p0
GLKT0ZE01COOIO,p1
GLKT0ZE01E0WI4,p0
GLKT0ZE01EEUCQ,p0
GLKT0ZE01A7BSF,p1
GLKT0ZE01BSYYF,p0
GLKT0ZE01D0DS7,p0
GLKT0ZE01DYDUG,p1
GLKT0ZE01AMKDW,p0
GLKT0ZE01BSA31,p1
GLKT0ZE01BL01Y,p1
GLKT0ZE01AZANO,p1
GLKT0ZE01A92UB,p1
GLKT0ZE01COPF5,p1
GLKT0ZE01B4486,p0
GLKT0ZE01DPOZ4,p0
GLKT0ZE01BT64K,p1
GLKT0ZE01BTG1I,p0
GLKT0ZE01DT51H,p0
GLKT0ZE01AMQ5D,p1
GLKT0ZE01D7CAU,p0
GLKT0ZE01EIRIG,p0
GLKT0ZE01DP3XT,p0
GLKT0ZE01C7I3O,p1
GLKT0ZE01BUIFI,p1
GLKT0ZE01BN8RL,p0
GLKT0ZE01A8U1H,p1
GLKT0ZE01AJ6TG,p1
GLKT0ZE01AWSTW,p0
GLKT0ZE01CHICV,p1
GLKT0ZE01ASM7O,p0
GLKT0ZE01ESBGW,p0
GLKT0ZE01CQ57I,p1
GLKT0ZE01AITC1,p0
GLKT0ZE01DCRC6,p0
GLKT0ZE01CBI2X,p1
GLKT0ZE01AGS2S,p0
GLKT0ZE01A8N29,p1
GLKT0ZE01AJ0FS,p1
GLKT0ZE01DEHP0,p1
GLKT0ZE01AXY3I,p1
GLKT0ZE01EDJX1,p0
GLKT0ZE01BWLKR,p1
GLKT0ZE01ARM1Q,p0
GLKT0ZE01DEYL4,p0
GLKT0ZE01B9NPG,p1
GLKT0ZE01B9NPD,p0
GLKT0ZE01BDW7H,p0
GLKT0ZE01AX3LQ,p1
GLKT0ZE01B5L2R,p1
GLKT0ZE01A4094,p0
GLKT0ZE01BXZJ8,p0
GLKT0ZE01DMWLN,p1
GLKT0ZE01D1PT5,p0
GLKT0ZE01CRY4Y,p0
GLKT0ZE01EO5CW,p0
GLKT0ZE01B4D9I,p1
GLKT0ZE01DXFRZ,p1
GLKT0ZE01ECBND,p0
GLKT0ZE01BZZXC,p1
GLKT0ZE01AU0Y2,p1
GLKT0ZE01A8N2E,p1
GLKT0ZE01ESLAN,p0
GLKT0ZE01BGT78,p1
GLKT0ZE01B7MJ4,p1
GLKT0ZE01EPGPD,p1
GLKT0ZE01A1I2R,p1
GLKT0ZE01AGDES,p0
GLKT0ZE01ECBNU,p0
GLKT0ZE01AHPX9,p0
GLKT0ZE01DIJ3W,p1
GLKT0ZE01BCMDT,p1
GLKT0ZE01EHATE,p1
GLKT0ZE01BERWE,p0
GLKT0ZE01D6FV9,p0
GLKT0ZE01C2QQS,p0
GLKT0ZE01DQHFZ,p0
GLKT0ZE01A35HY,p0
GLKT0ZE01AZA7N,p1
GLKT0ZE01D30ML,p0
GLKT0ZE01D708G,p0
GLKT0ZE01A0IBO,p1
GLKT0ZE01EO9GF,p1
GLKT0ZE01EDRM7,p0
GLKT0ZE01DKJ1Z,p0
GLKT0ZE01COXYL,p1
GLKT0ZE01BYE0M,p0
GLKT0ZE01D1FEY,p1
GLKT0ZE01A1GNW,p1
GLKT0ZE01BYZ9B,p1
GLKT0ZE01DGIOZ,p1
GLKT0ZE01EOVRW,p1
GLKT0ZE01DAHNC,p1
GLKT0ZE01D3VWK,p1
GLKT0ZE01DIMK2,p0
GLKT0ZE01CA0EY,p0
GLKT0ZE01BK5FC,p0
GLKT0ZE01EB37Y,p0
GLKT0ZE01DKP7U,p1
GLKT0ZE01AV7ZO,p0
GLKT0ZE01D5SJI,p0
GLKT0ZE01CTB7Z,p1
GLKT0ZE01COFZN,p0
GLKT0ZE01AI22W,p1
GLKT0ZE01B8IZR,p0
GLKT0ZE01AQN6Z,p0
GLKT0ZE01CJPIO,p0
GLKT0ZE01DF3T6,p0
GLKT0ZE01CXAZ3,p1
GLKT0ZE01AI2LV,p0
GLKT0ZE01DFJWW,p0
GLKT0ZE01BJ7UL,p0
GLKT0ZE01DF2DI,p0
GLKT0ZE01EPTA0,p0
GLKT0ZE01A4FIP,p0
GLKT0ZE01DIYV6,p0
GLKT0ZE01CS0EU,p1
GLKT0ZE01A32JL,p0
GLKT0ZE01CVWTQ,p0
GLKT0ZE01CMIUZ,p1
GLKT0ZE01ATTV5,p1
GLKT0ZE01B3KKQ,p1
GLKT0ZE01BXYJT,p0
GLKT0ZE01AJR2S,p1
GLKT0ZE01BR5BW,p1
GLKT0ZE01EOR0Y,p1
GLKT0ZE01C8V50,p1
GLKT0ZE01BFFYT,p1
GLKT0ZE01BNIC1,p0
GLKT0ZE01D6IP1,p1
GLKT0ZE01AZB3C,p0
GLKT0ZE01C3VA1,p0
GLKT0ZE01DUWGJ,p0
GLKT0ZE01DOU7M,p0
GLKT0ZE01BXN7I,p0
GLKT0ZE01CW63P,p1
GLKT0ZE01CPGZ2,p1
GLKT0ZE01C6FI2,p0
GLKT0ZE01BYK62,p1
GLKT0ZE01E12G9,p0
GLKT0ZE01CSSCS,p1
GLKT0ZE01ESN6O,p0
GLKT0ZE01EL3IB,p1
GLKT0ZE01AII3D,p1
GLKT0ZE01C8YHJ,p0
GLKT0ZE01B1ZVS,p1
GLKT0ZE01D13CT,p0
GLKT0ZE01EDYVI,p1
GLKT0ZE01A7PLX,p1
GLKT0ZE01BT85N,p0
GLKT0ZE01DCBVD,p0
GLKT0ZE01E2HEJ,p1
GLKT0ZE01DTYTK,p1
GLKT0ZE01BAKMX,p1
GLKT0ZE01D6RXY,p0
GLKT0ZE01CECUP,p1
GLKT0ZE01BXK80,p0
GLKT0ZE01CQ36K,p1
GLKT0ZE01D3NC2,p1
GLKT0ZE01BJ6AW,p1
GLKT0ZE01AL6AC,p1
GLKT0ZE01BTSL9,p1
GLKT0ZE01EQ715,p0
GLKT0ZE01DM0VJ,p0
GLKT0ZE01CR7V9,p1
GLKT0ZE01CQGW9,p1
GLKT0ZE01EK7G0,p1
GLKT0ZE01A5B09,p1
GLKT0ZE01DAZ0R,p1
GLKT0ZE01DS2VF,p0
GLKT0ZE01APOPW,p1
GLKT0ZE01CGNPC,p0
GLKT0ZE01DN5TS,p1
GLKT0ZE01AQ50I,p1
GLKT0ZE01BNFK5,p1
GLKT0ZE01CSE2Q,p1
GLKT0ZE01CI3FT,p0
GLKT0ZE01D4XQ9,p0
GLKT0ZE01CSRS1,p1
GLKT0ZE01B8HVO,p0
GLKT0ZE01DGLAI,p0
GLKT0ZE01C0O9W,p0
GLKT0ZE01BF0PF,p1
GLKT0ZE01C2MHU,p1
GLKT0ZE01B9JBY,p0
GLKT0ZE01DK4G4,p0
GLKT0ZE01BT8U8,p0
GLKT0ZE01CP50M,p0
GLKT0ZE01DFE5U,p0
GLKT0ZE01EMSPN,p0
GLKT0ZE01ECZNS,p1
GLKT0ZE01D1MT7,p0
GLKT0ZE01BSW03,p0
GLKT0ZE01BWXPO,p0
GLKT0ZE01CZH00,p0
GLKT0ZE01CKD9H,p0
GLKT0ZE01CC6GQ,p0
GLKT0ZE01C4G6R,p0
GLKT0ZE01B4FY9,p1
GLKT0ZE01APF7M,p1
GLKT0ZE01B0PPJ,p0
GLKT0ZE01B1YZ8,p1
GLKT0ZE01DR3N5,p0
GLKT0ZE01EKXNU,p1
GLKT0ZE01CZG3O,p1
GLKT0ZE01EGO3C,p0
GLKT0ZE01ATP2Z,p0
GLKT0ZE01A54R3,p1
GLKT0ZE01BU9KV,p1
GLKT0ZE01ENVHM,p0
GLKT0ZE01AY5A2,p1
GLKT0ZE01CC2MD,p1
GLKT0ZE01EL9AU,p0
GLKT0ZE01CBA34,p1
GLKT0ZE01BIZMD,p0
GLKT0ZE01CZG1Y,p0
GLKT0ZE01AM0WB,p0
GLKT0ZE01B14NX,p0
GLKT0ZE01B6TUC,p0
GLKT0ZE01EK99U,p1
GLKT0ZE01EORI6,p0
GLKT0ZE01CD1TV,p1
GLKT0ZE01CCKFI,p0
GLKT0ZE01D31US,p1
GLKT0ZE01DDPMH,p0
GLKT0ZE01A5LVO,p1
GLKT0ZE01CAT8Y,p0
GLKT0ZE01B8770,p0
GLKT0ZE01A27JG,p0
GLKT0ZE01BZG12,p1
GLKT0ZE01AKV9V,p0
GLKT0ZE01BFF7L,p1
GLKT0ZE01DW63M,p0
GLKT0ZE01C6RY9,p0
GLKT0ZE01ARM22,p0
GLKT0ZE01DZLOG,p1
GLKT0ZE01C8VCS,p0
GLKT0ZE01BVIRO,p0
GLKT0ZE01BY974,p1
GLKT0ZE01D6VEU,p0
GLKT0ZE01EK4NY,p1
GLKT0ZE01C87UG,p0
GLKT0ZE01CI2P7,p1
GLKT0ZE01BS09H,p1
GLKT0ZE01DZHOR,p0
GLKT0ZE01EGMYP,p1
GLKT0ZE01BYP4W,p1
GLKT0ZE01B9OA9,p1
GLKT0ZE01CTT65,p0
GLKT0ZE01D2YWA,p1
GLKT0ZE01B6IJS,p0
GLKT0ZE01DW2VP,p1
GLKT0ZE01C6CKR,p0
GLKT0ZE01CICVD,p0
GLKT0ZE01ERNJU,p0
GLKT0ZE01DM5E4,p1
GLKT0ZE01DMBJD,p1
GLKT0ZE01BLO3H,p0
GLKT0ZE01CG182,p1
GLKT0ZE01DHEUA,p1
GLKT0ZE01CF3GA,p0
GLKT0ZE01ASN3O,p1
GLKT0ZE01CQ2HX,p0
GLKT0ZE01DFYM3,p1
GLKT0ZE01CR532,p0
GLKT0ZE01EAT7C,p0
GLKT0ZE01BATJE,p1
GLKT0ZE01C1UXZ,p0
GLKT0ZE01EZBBI,p0
GLKT0ZE01EOYXB,p1
GLKT0ZE01CFS5Y,p0
GLKT0ZE01DR17T,p0
GLKT0ZE01EHI8P,p0
GLKT0ZE01EA48T,p0
GLKT0ZE01DF3CU,p0
GLKT0ZE01CV3PP,p0
GLKT0ZE01A6F1M,p1
GLKT0ZE01C3NCA,p1
GLKT0ZE01DD7N4,p1
GLKT0ZE01A1CCD,p0
GLKT0ZE01B15J7,p0
GLKT0ZE01C8DAG,p0
GLKT0ZE01BLKRE,p1
GLKT0ZE01A2Y0N,p0
GLKT0ZE01EPPXX,p1
GLKT0ZE01CING0,p1
GLKT0ZE01DYPL7,p1
GLKT0ZE01APV7D,p0
GLKT0ZE01CHSM4,p1
GLKT0ZE01EG2AD,p0
GLKT0ZE01D9ZD8,p1
GLKT0ZE01CQ9NG,p1
GLKT0ZE01BZT06,p1
GLKT0ZE01AZ8CJ,p1
GLKT0ZE01D3ARW,p0
GLKT0ZE01DNKTR,p1
GLKT0ZE01BTMKN,p0
GLKT0ZE01AWK3C,p0
GLKT0ZE01CF0Y0,p1
GLKT0ZE01D5CX4,p1
GLKT0ZE01DIPM3,p1
GLKT0ZE01ERBN4,p1
GLKT0ZE01AS2W8,p1
GLKT0ZE01COYD3,p0
GLKT0ZE01CM5C2,p1
GLKT0ZE01CSHHR,p1
GLKT0ZE01AS6UU,p1
GLKT0ZE01EC8FY,p0
GLKT0ZE01CTFEZ,p1
GLKT0ZE01CZ2RS,p1
GLKT0ZE01AV98J,p0
GLKT0ZE01D4KTJ,p0
GLKT0ZE01EZJTP,p0
GLKT0ZE01DNODO,p0
GLKT0ZE01EVGV8,p0
GLKT0ZE01C59NP,p0
GLKT0ZE01CEY44,p0
GLKT0ZE01DZ975,p1
GLKT0ZE01D028U,p1
GLKT0ZE01C6GIA,p1
GLKT0ZE01B417F,p0
GLKT0ZE01EPVBA,p0
GLKT0ZE01EHCX7,p0
GLKT0ZE01C6UR3,p0
GLKT0ZE01CKL9Z,p0
GLKT0ZE01CXQFG,p0
GLKT0ZE01EGXWG,p1
GLKT0ZE01B59MR,p0
GLKT0ZE01C9CUZ,p1
GLKT0ZE01CDED6,p0
GLKT0ZE01BRYYZ,p1
GLKT0ZE01BZTU6,p0
GLKT0ZE01DN4IG,p0
GLKT0ZE01EMR3V,p1
GLKT0ZE01AT1UK,p0
GLKT0ZE01CBJOD,p1
GLKT0ZE01AZSBC,p1
GLKT0ZE01EG8BH,p1
GLKT0ZE01ATW7T,p1
GLKT0ZE01DSBIT,p1
GLKT0ZE01DZNKP,p1
GLKT0ZE01CFH0F,p1
GLKT0ZE01BCKGE,p1
GLKT0ZE01C1K00,p0
GLKT0ZE01B46SF,p0
GLKT0ZE01C0Y0N,p0
GLKT0ZE01EBF14,p0
GLKT0ZE01A9V7X,p0
GLKT0ZE01DCPYC,p0
GLKT0ZE01ER932,p1
GLKT0ZE01B8S8K,p1
GLKT0ZE01D2YKL,p1
GLKT0ZE01AYQW4,p1
GLKT0ZE01BKBPB,p1
GLKT0ZE01C518T,p1
GLKT0ZE01C7J33,p1
GLKT0ZE01AFUIV,p1
GLKT0ZE01CGO63,p1
GLKT0ZE01B3CLI,p1
GLKT0ZE01D12TB,p0
GLKT0ZE01CK075,p1
GLKT0ZE01B8H1Q,p1
GLKT0ZE01BSK9I,p0
GLKT0ZE01DISCM,p1
GLKT0ZE01EE02U,p1
GLKT0ZE01DJHYU,p0
GLKT0ZE01BU39K,p0
GLKT0ZE01CVXM5,p1
GLKT0ZE01CMVM2,p0
GLKT0ZE01D0WYK,p1
GLKT0ZE01EP0PU,p1
GLKT0ZE01EZXSJ,p0
GLKT0ZE01CZH3E,p0
GLKT0ZE01B3BDW,p1
GLKT0ZE01CUZYL,p1
GLKT0ZE01D8GSM,p0
GLKT0ZE01C3J5M,p0
GLKT0ZE01ES2WX,p1
GLKT0ZE01EFH5J,p0
GLKT0ZE01B1BRW,p0
GLKT0ZE01DX3P7,p1
GLKT0ZE01DIGT1,p1
GLKT0ZE01BRKTX,p0
GLKT0ZE01DMXFV,p0
GLKT0ZE01BLS8P,p1
GLKT0ZE01DF3K6,p1
GLKT0ZE01B3XZ2,p1
GLKT0ZE01BF626,p1
GLKT0ZE01ASG5K,p0
GLKT0ZE01DR8R0,p0
GLKT0ZE01ERVNO,p1
GLKT0ZE01DRUG1,p0
GLKT0ZE01DXVCC,p1
GLKT0ZE01EKQLY,p1
GLKT0ZE01DBVVY,p0
GLKT0ZE01BVBF6,p0
GLKT0ZE01CLMFW,p0
GLKT0ZE01A9S5T,p0
GLKT0ZE01EAN5V,p0
GLKT0ZE01D5NTT,p1
GLKT0ZE01E2NHR,p1
GLKT0ZE01CMPQI,p1
GLKT0ZE01DA6MU,p0
GLKT0ZE01C9Z4J,p1
GLKT0ZE01BG97B,p0
GLKT0ZE01EVG2G,p0
GLKT0ZE01C6T21,p1
GLKT0ZE01C0BNY,p0
GLKT0ZE01CGPLH,p1
GLKT0ZE01DXBA5,p1
GLKT0ZE01CNZ2Y,p0
GLKT0ZE01ELHHI,p1
GLKT0ZE01EY8J7,p1
GLKT0ZE01ECJ6B,p1
GLKT0ZE01CMLRE,p1
GLKT0ZE01CIRCJ,p1
GLKT0ZE01DS1ON,p1
GLKT0ZE01DQ1HU,p0
GLKT0ZE01A2A2W,p1
GLKT0ZE01BSUEN,p1
GLKT0ZE01BMK4Z,p1
GLKT0ZE01B36XG,p1
GLKT0ZE01DM0CE,p0
GLKT0ZE01A0XDQ,p0
GLKT0ZE01ECXOD,p0
GLKT0ZE01AFTXY,p1
GLKT0ZE01DG8MT,p0
GLKT0ZE01D5PZB,p1
GLKT0ZE01DET9H,p0
GLKT0ZE01DYI1N,p1
GLKT0ZE01ESZ6X,p1
GLKT0ZE01EN874,p0
GLKT0ZE01EVI2H,p1
GLKT0ZE01AM9JT,p1
GLKT0ZE01EN9AC,p0
GLKT0ZE01A111G,p1
GLKT0ZE01AGLC4,p0
GLKT0ZE01E3SKA,p1
GLKT0ZE01DPBV8,p0
GLKT0ZE01AO4PT,p1
GLKT0ZE01CZCEY,p0
GLKT0ZE01D0MAL,p1
GLKT0ZE01DDAUY,p0
GLKT0ZE01DAUNZ,p0
GLKT0ZE01DG2G9,p1
GLKT0ZE01ALB9L,p0
GLKT0ZE01CXN6B,p0
GLKT0ZE01CCR3T,p0
GLKT0ZE01EEEWR,p1
GLKT0ZE01A0GDP,p0
GLKT0ZE01DRFJY,p0
GLKT0ZE01AN1LN,p0
GLKT0ZE01D9ECG,p1
GLKT0ZE01AX0DO,p1
GLKT0ZE01D5TP0,p0
GLKT0ZE01BF02Z,p1
GLKT0ZE01CPBRM,p0
GLKT0ZE01EIMV5,p0
GLKT0ZE01EQRYY,p0
GLKT0ZE01BCC4H,p1
GLKT0ZE01BKHMQ,p0
GLKT0ZE01BVUFL,p0
GLKT0ZE01A7SKZ,p1
GLKT0ZE01BBBQ8,p0
GLKT0ZE01DFHXJ,p1
GLKT0ZE01AUB2R,p1
GLKT0ZE01EO9A0,p0
GLKT0ZE01D356D,p0
GLKT0ZE01C5BSL,p0
GLKT0ZE01CID80,p0
GLKT0ZE01DTXCF,p1
GLKT0ZE01B6P98,p0
GLKT0ZE01D5ICO,p0
GLKT0ZE01BM7FF,p0
GLKT0ZE01DB8VC,p1
GLKT0ZE01BY7Z9,p1
GLKT0ZE01CWFHM,p0
GLKT0ZE01BJ28L,p0
GLKT0ZE01CHENQ,p1
GLKT0ZE01EGJX5,p0
GLKT0ZE01EE8L3,p1
GLKT0ZE01EE8L0,p0
GLKT0ZE01DCF3N,p1
GLKT0ZE01A550H,p0
GLKT0ZE01D4I8A,p1
GLKT0ZE01AQAFL,p1
GLKT0ZE01DSC80,p0
GLKT0ZE01B1FMB,p1
GLKT0ZE01C0D8X,p0
GLKT0ZE01AH4NR,p1
GLKT0ZE01ASGPR,p1
GLKT0ZE01CY9UX,p0
GLKT0ZE01CDS3K,p0
GLKT0ZE01EQ1KV,p1
GLKT0ZE01DVYN3,p1
GLKT0ZE01EIEOU,p0
GLKT0ZE01EF6IP,p0
GLKT0ZE01DMTWJ,p1
GLKT0ZE01BBKQT,p1
GLKT0ZE01EF4MJ,p0
GLKT0ZE01DHLVC,p1
GLKT0ZE01CIMVH,p0
GLKT0ZE01A229Y,p0
GLKT0ZE01EU82H,p1
GLKT0ZE01C8V7A,p1
GLKT0ZE01E1YYV,p0
GLKT0ZE01ES9W5,p1
GLKT0ZE01D5I2D,p0
GLKT0ZE01EQRW0,p1
GLKT0ZE01EAIDA,p1
GLKT0ZE01AJ5OY,p1
GLKT0ZE01C5O9S,p1
GLKT0ZE01A9E80,p0
GLKT0ZE01CNKJJ,p0
GLKT0ZE01DNEOU,p1
GLKT0ZE01DAH5O,p1
GLKT0ZE01CUIGH,p0
GLKT0ZE01ETPSH,p0
GLKT0ZE01DEIRU,p0
GLKT0ZE01BCM0A,p1
GLKT0ZE01D3LCY,p0
GLKT0ZE01BEVK1,p1
GLKT0ZE01BTLFL,p1
GLKT0ZE01BMVG3,p0
GLKT0ZE01AVEAW,p1
GLKT0ZE01BBYKH,p1
GLKT0ZE01CARG6,p0
GLKT0ZE01BM4MX,p1
GLKT0ZE01DB8I6,p1
GLKT0ZE01A6ZH5,p1
GLKT0ZE01BMP2F,p0
GLKT0ZE01ELDJ4,p0
GLKT0ZE01EQDEJ,p0
GLKT0ZE01AKNCK,p1
GLKT0ZE01B2J2R,p1
GLKT0ZE01DGXQ5,p1
GLKT0ZE01CN9LU,p0
GLKT0ZE01CPLFX,p0
GLKT0ZE01ASTQL,p1
GLKT0ZE01AHC37,p0
GLKT0ZE01DFZG0,p1
GLKT0ZE01CZO3Q,p1
GLKT0ZE01CABLU,p1
GLKT0ZE01BLYVJ,p1
GLKT0ZE01EADOS,p0
GLKT0ZE01DUT24,p1
GLKT0ZE01BWG0B,p1
GLKT0ZE01CC1K7,p0
GLKT0ZE01CKNWC,p0
GLKT0ZE01EZG5Z,p0
GLKT0ZE01EA6KI,p0
GLKT0ZE01EK7E2,p1
GLKT0ZE01CUYW4,p1
GLKT0ZE01CY9O1,p1
GLKT0ZE01D8AZ9,p1
GLKT0ZE01CKNW2,p1
GLKT0ZE01E06UR,p1
GLKT0ZE01BRV11,p0
GLKT0ZE01DV7CV,p1
GLKT0ZE01A6V0L,p0
GLKT0ZE01A2UU6,p1
GLKT0ZE01CK89P,p1
GLKT0ZE01DHNVZ,p1
GLKT0ZE01APMJZ,p0
GLKT0ZE01C8UZM,p1
GLKT0ZE01EGI53,p1
GLKT0ZE01DB4Q0,p1
GLKT0ZE01AKZ2L,p1
GLKT0ZE01EK7AO,p0
GLKT0ZE01DUIFL,p1
GLKT0ZE01AIQEY,p0
GLKT0ZE01A4OBF,p0
GLKT0ZE01AIEJ9,p1
GLKT0ZE01D0DL5,p0
GLKT0ZE01CSRO3,p1
GLKT0ZE01ER13Z,p0
GLKT0ZE01DEFX1,p0
GLKT0ZE01D4HG8,p0
GLKT0ZE01CONKA,p0
GLKT0ZE01DWCF9,p0
GLKT0ZE01BIET2,p1
GLKT0ZE01AVR0N,p1
GLKT0ZE01DBD58,p1
GLKT0ZE01EUHHJ,p0
GLKT0ZE01CJJF2,p1
GLKT0ZE01BBDL5,p1
GLKT0ZE01C2YNX,p1
GLKT0ZE01B9XIS,p0
GLKT0ZE01DU2E1,p0
GLKT0ZE01EAUCQ,p0
GLKT0ZE01A9O4L,p0
GLKT0ZE01AL6G1,p0
GLKT0ZE01B4SA6,p0
GLKT0ZE01CC4KH,p1
GLKT0ZE01D529M,p0
GLKT0ZE01A8MMC,p0
GLKT0ZE01B2I79,p0
GLKT0ZE01DD17O,p1
GLKT0ZE01CL7LE,p1
GLKT0ZE01DWTRH,p0
GLKT0ZE01B2CSS,p0
GLKT0ZE01BRGRQ,p1
GLKT0ZE01CDA0P,p1
GLKT0ZE01DD68G,p0
GLKT0ZE01DQ5A6,p1
GLKT0ZE01CU939,p0
GLKT0ZE01CI4IX,p1
GLKT0ZE01DX7BQ,p0
GLKT0ZE01EAM3X,p0
GLKT0ZE01CIT9C,p1
GLKT0ZE01CPUJN,p0
GLKT0ZE01AX88G,p0
GLKT0ZE01DXGE3,p1
GLKT0ZE01EDMUO,p1
GLKT0ZE01D7DDQ,p1
GLKT0ZE01B76VQ,p0
GLKT0ZE01AN7SE,p0
GLKT0ZE01DMGJW,p1
GLKT0ZE01EBSTZ,p0
GLKT0ZE01D9ERN,p0
GLKT0ZE01BJEUG,p1
GLKT0ZE01DXDG5,p1
GLKT0ZE01D9D8I,p0
GLKT0ZE01B2LAF,p1
GLKT0ZE01A1TWV,p0
GLKT0ZE01B23TV,p1
GLKT0ZE01CE7E7,p1
GLKT0ZE01AIKM9,p0
GLKT0ZE01A3DBO,p0
GLKT0ZE01ENDQ2,p1
GLKT0ZE01B90RN,p0
GLKT0ZE01BOSSM,p0
GLKT0ZE01D8R2U,p0
GLKT0ZE01EOEWS,p0
GLKT0ZE01AWPIO,p1
GLKT0ZE01A6SPI,p1
GLKT0ZE01C4FBC,p1
GLKT0ZE01AFFHX,p0
GLKT0ZE01BAX72,p1
GLKT0ZE01DKS17,p1
GLKT0ZE01DFWYU,p0
GLKT0ZE01EFP50,p0
GLKT0ZE01D8ITK,p0
GLKT0ZE01D1ZSJ,p1
GLKT0ZE01CNGKT,p0
GLKT0ZE01DAKQF,p0
GLKT0ZE01C825Z,p0
GLKT0ZE01EGG7C,p1
GLKT0ZE01AKSJ3,p0
GLKT0ZE01BEFUB,p1
GLKT0ZE01CD5XO,p1
GLKT0ZE01BLHC0,p0
GLKT0ZE01EF1BE,p0
GLKT0ZE01CDZRC,p0
GLKT0ZE01DFBJ3,p1
GLKT0ZE01DG7KV,p0
GLKT0ZE01BL7GC,p1
GLKT0ZE01BQNIL,p1
GLKT0ZE01DGFDJ,p1
GLKT0ZE01DUD1B,p0
GLKT0ZE01D5DIM,p1
GLKT0ZE01C58OC,p0
GLKT0ZE01CFHSN,p1
GLKT0ZE01EO51M,p1
GLKT0ZE01CKZ3E,p0
GLKT0ZE01E0PY4,p0
GLKT0ZE01BPUL0,p0
GLKT0ZE01CWSDM,p0
GLKT0ZE01A1VL5,p0
GLKT0ZE01ESJTD,p1
GLKT0ZE01DG5T8,p1
GLKT0ZE01C8WMZ,p0
GLKT0ZE01DXUCO,p0
GLKT0ZE01AHEI3,p1
GLKT0ZE01DYMHX,p1
GLKT0ZE01DV49J,p1
GLKT0ZE01CRAEC,p0
GLKT0ZE01AQP7O,p0
GLKT0ZE01DBU91,p0
GLKT0ZE01BPG24,p1
GLKT0ZE01CE9BE,p0
GLKT0ZE01BMC4E,p0
GLKT0ZE01EKRM4,p0
GLKT0ZE01AK4D4,p0
GLKT0ZE01DSNZ4,p1
GLKT0ZE01AX6GD,p1
GLKT0ZE01CQJQ4,p0
GLKT0ZE01DLY8K,p1
GLKT0ZE01DYRT5,p0
GLKT0ZE01DB7UP,p1
GLKT0ZE01DSAGR,p1
GLKT0ZE01CZQBN,p1
GLKT0ZE01ATBL2,p1
GLKT0ZE01DV017,p0
GLKT0ZE01ET5YH,p0
GLKT0ZE01EAVQ9,p0
GLKT0ZE01DB1QC,p0
GLKT0ZE01A6PNU,p1
GLKT0ZE01DWLRJ,p1
GLKT0ZE01AIK6B,p0
GLKT0ZE01A9UIV,p1
GLKT0ZE01DNV7P,p0
GLKT0ZE01DDHCH,p1
GLKT0ZE01ARJLJ,p0
GLKT0ZE01D9MUH,p0
GLKT0ZE01BS9GM,p0
GLKT0ZE01EHPIM,p0
GLKT0ZE01CT4QV,p0
GLKT0ZE01BBRVP,p1
GLKT0ZE01BAOZP,p0
GLKT0ZE01A92DN,p0
GLKT0ZE01DOK2Q,p1
GLKT0ZE01A5WPU,p1
GLKT0ZE01BNPSK,p1
GLKT0ZE01BSEBQ,p0
GLKT0ZE01BIQ0E,p0
GLKT0ZE01DFXP9,p0
GLKT0ZE01BI05X,p1
GLKT0ZE01DLMFL,p0
GLKT0ZE01B46QM,p1
GLKT0ZE01CM6QP,p1
GLKT0ZE01B6J9X,p1
GLKT0ZE01B1VSB,p1
GLKT0ZE01C3Z3R,p1
GLKT0ZE01AKEAJ,p0
GLKT0ZE01AOOY9,p0
GLKT0ZE01AOUJM,p1
GLKT0ZE01BT1BC,p1
GLKT0ZE01EVIH0,p1
GLKT0ZE01AYV9I,p1
GLKT0ZE01EHD4N,p1
GLKT0ZE01BBN2Z,p1
GLKT0ZE01CKBV6,p1
GLKT0ZE01CTMG4,p0
GLKT0ZE01DYZML,p1
GLKT0ZE01AL0TL,p0
GLKT0ZE01DNJL6,p1
GLKT0ZE01DADPG,p1
GLKT0ZE01DZ6M1,p1
GLKT0ZE01DNL59,p0
GLKT0ZE01DRILO,p0
GLKT0ZE01CGA24,p1
GLKT0ZE01D1JA1,p1
GLKT0ZE01EKZ4Z,p1
GLKT0ZE01AQYL9,p0
GLKT0ZE01BDKNS,p1
GLKT0ZE01ANLUG,p0
GLKT0ZE01DFTZ3,p1
GLKT0ZE01DAMLZ,p1
GLKT0ZE01BIZRQ,p1
GLKT0ZE01DZ77M,p1
GLKT0ZE01AVGJ0,p1
GLKT0ZE01A2WTA,p0
GLKT0ZE01AF3RT,p1
GLKT0ZE01B1OJW,p0
GLKT0ZE01B593K,p0
GLKT0ZE01AV5XO,p1
GLKT0ZE01C2ARA,p0
GLKT0ZE01E1KM2,p1
GLKT0ZE01CO43R,p1
GLKT0ZE01C78L8,p1
GLKT0ZE01BXITS,p1
GLKT0ZE01D0WIY,p1
GLKT0ZE01DML81,p0
GLKT0ZE01D1JAV,p1
GLKT0ZE01BBYT4,p1
GLKT0ZE01A76P0,p0
GLKT0ZE01EZG2N,p1
GLKT0ZE01D7X6R,p0
GLKT0ZE01B1MP6,p0
GLKT0ZE01ATKDY,p0
GLKT0ZE01CY7NI,p1
GLKT0ZE01DU42T,p0
GLKT0ZE01CYTAN,p1
GLKT0ZE01A87QM,p1
GLKT0ZE01BQAGH,p0
GLKT0ZE01A8HZY,p0
GLKT0ZE01CC4D1,p1
GLKT0ZE01CMLLO,p1
GLKT0ZE01C4MKU,p1
GLKT0ZE01B5J6P,p0
GLKT0ZE01C2E6T,p0
GLKT0ZE01BBVRF,p0
GLKT0ZE01CQ2KR,p1
GLKT0ZE01BGHWE,p0
GLKT0ZE01DDM0T,p1
GLKT0ZE01C0J61,p1
GLKT0ZE01CZNJU,p0
GLKT0ZE01CUL5F,p1
GLKT0ZE01DQZQP,p0
GLKT0ZE01D3Q5V,p0
GLKT0ZE01C0OUL,p1
GLKT0ZE01AM4LN,p0
GLKT0ZE01BBZ4C,p0
GLKT0ZE01CXIGL,p0
GLKT0ZE01EJ6OU,p1
GLKT0ZE01C2GFZ,p0
GLKT0ZE01B2QW4,p1
GLKT0ZE01DB80K,p0
GLKT0ZE01DZFDT,p0
GLKT0ZE01D2H0W,p0
GLKT0ZE01EG9Q0,p1
GLKT0ZE01CGKQO,p0
GLKT0ZE01BMGLE,p0
GLKT0ZE01BW47Z,p1
GLKT0ZE01BC2T9,p1
GLKT0ZE01DLU1C,p0
GLKT0ZE01EJ0QW,p1
GLKT0ZE01BIMRP,p0
GLKT0ZE01CK9WM,p0
GLKT0ZE01EIPE4,p1
GLKT0ZE01C9B01,p0
GLKT0ZE01BJWQ6,p0
GLKT0ZE01A1NPO,p0
GLKT0ZE01DI7C5,p0
GLKT0ZE01BPINF,p0
GLKT0ZE01BUFLW,p1
GLKT0ZE01EPC94,p0
GLKT0ZE01D396H,p1
GLKT0ZE01AUZPA,p1
GLKT0ZE01C6T4C,p0
GLKT0ZE01ASTJ1,p0
GLKT0ZE01DS2YL,p1
GLKT0ZE01AZQ77,p0
GLKT0ZE01A0ZZT,p1
GLKT0ZE01CVOSB,p1
GLKT0ZE01BDCCN,p1
GLKT0ZE01CHUDV,p1
GLKT0ZE01DUG1J,p1
GLKT0ZE01CNDBZ,p0
GLKT0ZE01CM5XE,p0
GLKT0ZE01EKYTC,p1
GLKT0ZE01A7GB3,p1
GLKT0ZE01DY6VZ,p1
GLKT0ZE01EGQOT,p0
GLKT0ZE01CJGSZ,p1
GLKT0ZE01CMUQH,p1
GLKT0ZE01DHOCJ,p0
GLKT0ZE01BDIJG,p1
GLKT0ZE01BA690,p0
GLKT0ZE01DQV3T,p1
GLKT0ZE01CLCLJ,p1
GLKT0ZE01B2UIY,p0
GLKT0ZE01A4HPF,p1
GLKT0ZE01EAHV1,p0
GLKT0ZE01CAJNS,p1
GLKT0ZE01B9FRU,p0
GLKT0ZE01EB2W3,p1
GLKT0ZE01D1DUL,p0
GLKT0ZE01DZFX5,p1
GLKT0ZE01BHL6R,p1
GLKT0ZE01EYGYR,p0
GLKT0ZE01AU9W1,p0
GLKT0ZE01BX0YI,p0
GLKT0ZE01AFBVF,p1
GLKT0ZE01D8BDZ,p1
GLKT0ZE01DSB3E,p1
GLKT0ZE01B6E96,p1
GLKT0ZE01CODX8,p1
GLKT0ZE01EAOLP,p1
GLKT0ZE01C118M,p1
GLKT0ZE01E1LYN,p1
GLKT0ZE01BC3LD,p0
GLKT0ZE01C9L5C,p0
GLKT0ZE01CDEGS,p0
GLKT0ZE01E3CQ3,p0
GLKT0ZE01D5QXR,p0
GLKT0ZE01B789O,p1
GLKT0ZE01C1RUI,p0
GLKT0ZE01ELFZ4,p0
GLKT0ZE01BUCGN,p0
GLKT0ZE01C9HXQ,p0
GLKT0ZE01B2C53,p0
GLKT0ZE01BL5ZY,p1
GLKT0ZE01ATUD8,p0
GLKT0ZE01DJ97J,p0
GLKT0ZE01D4G47,p0
GLKT0ZE01DOJA1,p0
GLKT0ZE01D76S9,p1
GLKT0ZE01B8Y94,p0
GLKT0ZE01AX0RI,p0
GLKT0ZE01ASAYT,p1
GLKT0ZE01A049B,p1
GLKT0ZE01DZCTL,p0
GLKT0ZE01C94GZ,p0
GLKT0ZE01BE0Y2,p0
GLKT0ZE01DJQXZ,p0
GLKT0ZE01A740Y,p0
GLKT0ZE01BZ7AI,p0
GLKT0ZE01DPQ45,p0
GLKT0ZE01CQ1P1,p0
GLKT0ZE01D5NYG,p0
GLKT0ZE01AUR3Y,p0
GLKT0ZE01BLMU1,p0
GLKT0ZE01C9PEE,p0
GLKT0ZE01ATVNP,p0
GLKT0ZE01DXM2R,p1
GLKT0ZE01BFUM8,p0
GLKT0ZE01BHWJN,p1
GLKT0ZE01A4YIF,p1
GLKT0ZE01C0XEY,p1
GLKT0ZE01EKRPP,p0
GLKT0ZE01BAL7K,p1
GLKT0ZE01DHKPB,p0
GLKT0ZE01DARVX,p1
GLKT0ZE01CD78L,p0
GLKT0ZE01B7Q3Z,p1
GLKT0ZE01DTOHH,p1
GLKT0ZE01AZW9J,p0
GLKT0ZE01CXQIK,p0
GLKT0ZE01ELQ7E,p0
GLKT0ZE01DC4S8,p0
GLKT0ZE01CILB4,p1
GLKT0ZE01DPSHC,p1
GLKT0ZE01DE7PK,p1
GLKT0ZE01A13BF,p0
GLKT0ZE01BLD0L,p0
GLKT0ZE01C0D4S,p1
GLKT0ZE01C70KU,p0
GLKT0ZE01B9AEF,p1
GLKT0ZE01EGWZY,p1
GLKT0ZE01EQKKA,p0
GLKT0ZE01A9OKL,p0
GLKT0ZE01A9OKI,p1
GLKT0ZE01EDZR3,p1
GLKT0ZE01CYQ1E,p1
GLKT0ZE01BM72P,p1
GLKT0ZE01DPI5R,p0
GLKT0ZE01BEFEA,p1
GLKT0ZE01DHAW8,p0
GLKT0ZE01CHE2M,p0
GLKT0ZE01ASJ59,p0
GLKT0ZE01DZFEM,p1
GLKT0ZE01DJJNI,p1
GLKT0ZE01CD4BJ,p1
GLKT0ZE01E2KAU,p0
GLKT0ZE01DNYI4,p0
GLKT0ZE01AFNPW,p1
GLKT0ZE01BD6IH,p1
GLKT0ZE01B5XEI,p1
GLKT0ZE01DPUXU,p1
GLKT0ZE01EER6G,p0
GLKT0ZE01CA4FA,p1
GLKT0ZE01EHQ2R,p0
GLKT0ZE01C9R1C,p0
GLKT0ZE01DT47B,p0
GLKT0ZE01ESTWD,p1
GLKT0ZE01BOYL6,p1
GLKT0ZE01DP9QA,p0
GLKT0ZE01E0K7O,p0
GLKT0ZE01CNESF,p1
GLKT0ZE01BWD7K,p1
GLKT0ZE01B4A73,p0
GLKT0ZE01D3WJR,p1
GLKT0ZE01EDWNH,p1
GLKT0ZE01DSUE3,p1
GLKT0ZE01BBPMJ,p0
GLKT0ZE01DT7KO,p1
GLKT0ZE01EQDIM,p0
GLKT0ZE01A1WFL,p0
GLKT0ZE01BEYG6,p1
GLKT0ZE01BKRMJ,p1
GLKT0ZE01DKOXM,p0
GLKT0ZE01DOZX6,p1
GLKT0ZE01E2TLD,p1
GLKT0ZE01CPMDJ,p0
GLKT0ZE01EVNSN,p0
GLKT0ZE01C36CH,p0
GLKT0ZE01CF09Z,p0
GLKT0ZE01C3G7F,p0
GLKT0ZE01COQIS,p0
GLKT0ZE01DIHA1,p0
GLKT0ZE01EN5VD,p0
GLKT0ZE01BWIFO,p0
GLKT0ZE01BYD8Z,p0
GLKT0ZE01DMOPL,p0
GLKT0ZE01DXRYL,p0
GLKT0ZE01DJSTP,p1
GLKT0ZE01AQXMF,p0
GLKT0ZE01EMN2N,p0
GLKT0ZE01EUX66,p0
GLKT0ZE01B9MYG,p0
GLKT0ZE01DF4BJ,p1
GLKT0ZE01ELTAO,p1
GLKT0ZE01CEYOR,p0
GLKT0ZE01CYWDZ,p1
GLKT0ZE01BZQKT,p0
GLKT0ZE01DR73V,p0
GLKT0ZE01BC7I4,p1
GLKT0ZE01BEMID,p0
GLKT0ZE01DI5TN,p1
GLKT0ZE01D3YSR,p0
GLKT0ZE01CO93N,p0
GLKT0ZE01ETSQC,p0
GLKT0ZE01ALCXK,p0
GLKT0ZE01CJV5O,p0
GLKT0ZE01D4MBO,p0
GLKT0ZE01DYKFX,p1
GLKT0ZE01BUB3W,p1
GLKT0ZE01B2NAT,p0
GLKT0ZE01AE27S,p0
GLKT0ZE01DYYW0,p0
GLKT0ZE01B9GZB,p0
GLKT0ZE01DGVF3,p1
GLKT0ZE01EB253,p0
GLKT0ZE01EFP9F,p1
GLKT0ZE01CHLMA,p0
GLKT0ZE01CBSEB,p0
GLKT0ZE01CBUYH,p0
GLKT0ZE01BE9C7,p1
GLKT0ZE01AZ1W8,p1
GLKT0ZE01BTXR2,p0
GLKT0ZE01EDCV1,p0
GLKT0ZE01DD3DV,p1
GLKT0ZE01EQCPM,p0
GLKT0ZE01BBXND,p0
GLKT0ZE01BPJUE,p0
GLKT0ZE01CB945,p0
GLKT0ZE01AD7N5,p0
GLKT0ZE01EVWLH,p1
GLKT0ZE01BMC6H,p0
GLKT0ZE01CC8B9,p1
GLKT0ZE01D3W0G,p1
GLKT0ZE01A4GJQ,p1
GLKT0ZE01DJTCY,p1
GLKT0ZE01AKA49,p0
GLKT0ZE01CY8T4,p1
GLKT0ZE01AIU6L,p0
GLKT0ZE01C4Y2G,p1
GLKT0ZE01C1YGP,p0
GLKT0ZE01B4Q82,p1
GLKT0ZE01A1IYC,p1
GLKT0ZE01CKVBS,p0
GLKT0ZE01BDY5A,p0
GLKT0ZE01A57N2,p0
GLKT0ZE01AIS6I,p0
GLKT0ZE01BV6U8,p1
GLKT0ZE01B5KDW,p1
GLKT0ZE01CWMV3,p0
GLKT0ZE01BQB7W,p0
GLKT0ZE01CGFOK,p1
GLKT0ZE01D09NN,p1
GLKT0ZE01CSUXP,p1
GLKT0ZE01A0Y5X,p0
GLKT0ZE01DFIFE,p0
GLKT0ZE01BSZGG,p0
GLKT0ZE01B8JSY,p1
GLKT0ZE01D9X60,p1
GLKT0ZE01EMCON,p1
GLKT0ZE01A0BZG,p0
GLKT0ZE01DO0Q9,p1
GLKT0ZE01C7J7M,p1
GLKT0ZE01BQ8X8,p1
GLKT0ZE01EES4M,p0
GLKT0ZE01C4NNB,p1
GLKT0ZE01BQJID,p1
GLKT0ZE01CSXPD,p0
GLKT0ZE01BXKZB,p1
GLKT0ZE01B44QC,p1
GLKT0ZE01CL233,p0
GLKT0ZE01B3PEK,p0
GLKT0ZE01AO3M9,p1
GLKT0ZE01A74T7,p0
GLKT0ZE01CBGHG,p0
GLKT0ZE01EMC8I,p1
GLKT0ZE01DR7ID,p1
GLKT0ZE01ED3IF,p0
GLKT0ZE01AXGCE,p0
GLKT0ZE01DO6U7,p1
GLKT0ZE01CWZSU,p0
GLKT0ZE01DQ7FX,p1
GLKT0ZE01A4K8I,p1
GLKT0ZE01EO150,p0
GLKT0ZE01BND5T,p0
GLKT0ZE01CK1AO,p0
GLKT0ZE01DBITB,p0
GLKT0ZE01CRN64,p0
GLKT0ZE01DMF1T,p1
GLKT0ZE01A8ZID,p1
GLKT0ZE01D3LN9,p1
GLKT0ZE01AT8B6,p0
GLKT0ZE01CT23O,p1
GLKT0ZE01B2ELX,p1
GLKT0ZE01A1YLY,p0
GLKT0ZE01CY7L4,p1
GLKT0ZE01DVVFN,p1
GLKT0ZE01EROUM,p0
GLKT0ZE01C0SQ5,p0
GLKT0ZE01D2LH1,p0
GLKT0ZE01AP5QP,p1
GLKT0ZE01DEOKQ,p1
GLKT0ZE01EGDQ9,p1
GLKT0ZE01A2O03,p0
GLKT0ZE01BM0M3,p1
GLKT0ZE01BCP2B,p0
GLKT0ZE01CVPCL,p1
GLKT0ZE01B83WU,p0
GLKT0ZE01CX6JI,p0
GLKT0ZE01EGC6I,p0
GLKT0ZE01CLT4S,p0
GLKT0ZE01EHXR7,p1
GLKT0ZE01BJF34,p0
GLKT0ZE01ELFWQ,p0
GLKT0ZE01BXVMS,p0
GLKT0ZE01BIZ55,p0
GLKT0ZE01B48YJ,p0
GLKT0ZE01DVF5Q,p1
GLKT0ZE01EF2DE,p0
GLKT0ZE01CB9YM,p1
GLKT0ZE01AF77B,p0
GLKT0ZE01BX9FX,p1
GLKT0ZE01DMLC2,p1
GLKT0ZE01D0OGK,p0
GLKT0ZE01A5DDA,p0
GLKT0ZE01C2M63,p1
GLKT0ZE01DM0Q6,p0
GLKT0ZE01BRJ4O,p1
GLKT0ZE01DI7AU,p1
GLKT0ZE01DT1X6,p0
GLKT0ZE01CR6YJ,p0
GLKT0ZE01CR064,p1
GLKT0ZE01DL2IK,p1
GLKT0ZE01COE9K,p0
GLKT0ZE01AYTE9,p1
GLKT0ZE01CXMQL,p0
GLKT0ZE01CL2DT,p0
GLKT0ZE01B1IDD,p0
GLKT0ZE01EA8PO,p0
GLKT0ZE01D3VCL,p1
GLKT0ZE01BQUCE,p0
GLKT0ZE01AUSJJ,p0
GLKT0ZE01B3OFY,p1
GLKT0ZE01C18JR,p0
GLKT0ZE01EIHVV,p0
GLKT0ZE01BXS1J,p0
GLKT0ZE01D6JS1,p1
GLKT0ZE01AG64E,p0
GLKT0ZE01COALJ,p1
GLKT0ZE01AFX15,p1
GLKT0ZE01EZ40H,p0
GLKT0ZE01CWDVL,p1
GLKT0ZE01DSJHN,p1
GLKT0ZE01A8VM4,p0
GLKT0ZE01EXA1M,p0
GLKT0ZE01C6GA5,p0
GLKT0ZE01DBQOO,p1
GLKT0ZE01B235F,p1
GLKT0ZE01EOMQO,p0
GLKT0ZE01DGF7P,p1
GLKT0ZE01ERISV,p1
GLKT0ZE01D0FSX,p0
GLKT0ZE01BMGNT,p0
GLKT0ZE01BDZ2O,p1
GLKT0ZE01AFHJM,p0
GLKT0ZE01DLU3A,p0
GLKT0ZE01DJYJ2,p1
GLKT0ZE01D394D,p1
GLKT0ZE01DO3KP,p1
GLKT0ZE01B8CMF,p1
GLKT0ZE01CU01K,p0
GLKT0ZE01BRY1I,p0
GLKT0ZE01C7T60,p0
GLKT0ZE01EVXCX,p1
GLKT0ZE01ENMHU,p0
GLKT0ZE01D6FPU,p1
GLKT0ZE01DJYXV,p1
GLKT0ZE01CI85A,p0
GLKT0ZE01B5YNA,p1
GLKT0ZE01DAD1A,p0
GLKT0ZE01C3R7X,p1
GLKT0ZE01BLHN1,p0
GLKT0ZE01AVDU6,p0
GLKT0ZE01DUPSA,p0
GLKT0ZE01CE0SW,p1
GLKT0ZE01COHX0,p1
GLKT0ZE01DBFV9,p1
GLKT0ZE01CNU5K,p0
GLKT0ZE01B8WZE,p1
GLKT0ZE01AKAXF,p0
GLKT0ZE01B6LZD,p1
GLKT0ZE01DYUY5,p1
GLKT0ZE01A5AE8,p1
GLKT0ZE01A83AV,p0
GLKT0ZE01CA5K0,p1
GLKT0ZE01DWDQU,p1
GLKT0ZE01BHXHZ,p0
GLKT0ZE01E2BHX,p1
GLKT0ZE01DU2ZO,p1
GLKT0ZE01C7QJZ,p0
GLKT0ZE01ESSL4,p0
GLKT0ZE01CPN4Y,p0
GLKT0ZE01EWNNP,p1
GLKT0ZE01A45QT,p0
GLKT0ZE01CQQUO,p0
GLKT0ZE01DZLDC,p0
GLKT0ZE01DCPRX,p0
GLKT0ZE01EHL8Y,p0
GLKT0ZE01B833U,p1
GLKT0ZE01CIQUV,p1
GLKT0ZE01B5Q37,p1
GLKT0ZE01EI7G1,p1
GLKT0ZE01AWFAG,p1
GLKT0ZE01DYM4G,p1
GLKT0ZE01D9A4R,p0
GLKT0ZE01A0FNW,p1
GLKT0ZE01A1Y48,p0
GLKT0ZE01D48M1,p0
GLKT0ZE01EMW57,p0
GLKT0ZE01EDYPL,p0
GLKT0ZE01AU9U1,p0
GLKT0ZE01B9PW7,p1
GLKT0ZE01ENMZ1,p0
GLKT0ZE01AM8JW,p1
GLKT0ZE01ASWHY,p1
GLKT0ZE01EG03M,p1
GLKT0ZE01CJ1VW,p0
GLKT0ZE01AMZWS,p1
GLKT0ZE01EG03H,p1
GLKT0ZE01BR79O,p1
GLKT0ZE01ANQ0O,p1
GLKT0ZE01CXBD9,p0
GLKT0ZE01EB7RD,p1
GLKT0ZE01BAU3U,p1
GLKT0ZE01EZXDS,p1
GLKT0ZE01CF42K,p1
GLKT0ZE01CSL1L,p0
GLKT0ZE01C5Z2Q,p1
GLKT0ZE01EBP8I,p0
GLKT0ZE01ANKBR,p0
GLKT0ZE01E0UQJ,p1
GLKT0ZE01DLX6F,p1
GLKT0ZE01DTBSC,p1
GLKT0ZE01CWQ2M,p0
GLKT0ZE01ED3XX,p0
GLKT0ZE01D8DKB,p1
GLKT0ZE01BQX6M,p0
GLKT0ZE01D7KOO,p0
GLKT0ZE01A6RYF,p0
GLKT0ZE01CJFYR,p1
GLKT0ZE01DWFA7,p0
GLKT0ZE01DJ9Q1,p1
GLKT0ZE01CQZUF,p0
GLKT0ZE01EJYL2,p0
GLKT0ZE01BD2XB,p0
GLKT0ZE01D7EHR,p1
GLKT0ZE01BOLCQ,p1
GLKT0ZE01CERBI,p0
GLKT0ZE01C9KU6,p0
GLKT0ZE01CT04I,p1
GLKT0ZE01BTYBB,p1
GLKT0ZE01B8YZE,p0
GLKT0ZE01C9PBH,p1
GLKT0ZE01BWN9P,p1
GLKT0ZE01AHXIQ,p1
GLKT0ZE01BXIYX,p0
GLKT0ZE01BV327,p1
GLKT0ZE01CH1BF,p1
GLKT0ZE01EAMN8,p0
GLKT0ZE01DA56Z,p1
GLKT0ZE01CE69R,p0
GLKT0ZE01CAJIO,p0
GLKT0ZE01CTNEE,p1
GLKT0ZE01D5WFG,p0
GLKT0ZE01DKZ8C,p1
GLKT0ZE01C0OLW,p1
GLKT0ZE01EN2CD,p0
GLKT0ZE01EGV4J,p0
GLKT0ZE01EPRU2,p0
GLKT0ZE01D0971,p0
GLKT0ZE01EAN2C,p1
GLKT0ZE01BI5NI,p0
GLKT0ZE01CTSS0,p1
GLKT0ZE01AILA3,p1
GLKT0ZE01AOMZ8,p0
GLKT0ZE01DOAKB,p1
GLKT0ZE01EI832,p1
GLKT0ZE01CEMM1,p0
GLKT0ZE01DT87I,p0
GLKT0ZE01D22GC,p0
GLKT0ZE01COBP8,p0
GLKT0ZE01EACGG,p1
GLKT0ZE01ED213,p1
GLKT0ZE01DYL0F,p0
GLKT0ZE01BI3M9,p1
GLKT0ZE01D1WGL,p1
GLKT0ZE01A642C,p1
GLKT0ZE01DQASX,p0
GLKT0ZE01CVGQS,p1
GLKT0ZE01DO9HJ,p0
GLKT0ZE01A8HQM,p0
GLKT0ZE01C48AH,p0
GLKT0ZE01AJTJO,p0
GLKT0ZE01DWLY8,p1
GLKT0ZE01CCKLN,p1
GLKT0ZE01DNNGY,p1
GLKT0ZE01EIG2C,p0
GLKT0ZE01B6T8Q,p1
GLKT0ZE01DR5VF,p1
GLKT0ZE01DKD61,p0
GLKT0ZE01EK5PB,p0
GLKT0ZE01BLGOZ,p1
GLKT0ZE01C5ZJB,p0
GLKT0ZE01CTRK9,p0
GLKT0ZE01ENNQZ,p0
GLKT0ZE01BE312,p0
GLKT0ZE01C0QN8,p1
GLKT0ZE01BGHCF,p0
GLKT0ZE01AZ6RN,p0
GLKT0ZE01D1GR8,p1
GLKT0ZE01C8CZN,p0
GLKT0ZE01BSAA5,p0
GLKT0ZE01AHDA1,p0
GLKT0ZE01ARN76,p1
GLKT0ZE01A5UWZ,p1
GLKT0ZE01DMLBT,p0
GLKT0ZE01C51Q9,p1
GLKT0ZE01D1GRT,p0
GLKT0ZE01BE31Z,p1
GLKT0ZE01CAYCH,p0
GLKT0ZE01BL0KK,p0
GLKT0ZE01BXR7G,p1
GLKT0ZE01EJ9EI,p1
GLKT0ZE01C2BPM,p0
GLKT0ZE01CKRUC,p0
GLKT0ZE01DX7FH,p1
GLKT0ZE01DNPGF,p0
GLKT0ZE01EDDWZ,p0
GLKT0ZE01BE5AF,p0
GLKT0ZE01C82II,p0
GLKT0ZE01DN1H3,p1
GLKT0ZE01D1Q82,p1
GLKT0ZE01B5K4C,p0
GLKT0ZE01CWIVJ,p1
GLKT0ZE01CYR6H,p0
GLKT0ZE01CDFPS,p0
GLKT0ZE01AGE3Z,p1
GLKT0ZE01BSRPR,p1
GLKT0ZE01BGHT5,p0
GLKT0ZE01EHGUU,p0
GLKT0ZE01EK6TG,p1
GLKT0ZE01D7JQO,p0
GLKT0ZE01CRLAF,p1
GLKT0ZE01DKKKO,p0
GLKT0ZE01AO46G,p0
GLKT0ZE01BPNE9,p0
GLKT0ZE01C7L9D,p0
GLKT0ZE01A7E20,p1
GLKT0ZE01EGJ4R,p0
GLKT0ZE01B5M89,p0
GLKT0ZE01D0OBK,p1
GLKT0ZE01E2EBX,p1
GLKT0ZE01CVODV,p1
GLKT0ZE01A7KFW,p0
GLKT0ZE01CSPEH,p1
GLKT0ZE01DI5VJ,p0
GLKT0ZE01BK2W5,p0
GLKT0ZE01CIPLD,p1
GLKT0ZE01D6KAF,p1
GLKT0ZE01AVAJQ,p1
GLKT0ZE01ESHTH,p0
GLKT0ZE01DTSZO,p1
GLKT0ZE01BYE99,p0
GLKT0ZE01DRP6L,p0
GLKT0ZE01CS0ZR,p0
GLKT0ZE01EY2FA,p0
GLKT0ZE01B416H,p1
GLKT0ZE01BNHJQ,p0
GLKT0ZE01BEBXW,p1
GLKT0ZE01BOEZM,p0
GLKT0ZE01C412B,p1
GLKT0ZE01B2FCK,p1
GLKT0ZE01AKWDA,p1
GLKT0ZE01EM9U1,p1
GLKT0ZE01BV6WA,p1
GLKT0ZE01EV4Y7,p0
GLKT0ZE01AL0FJ,p0
GLKT0ZE01BEBXE,p1
GLKT0ZE01AGNB3,p0
GLKT0ZE01DD4HI,p0
GLKT0ZE01B6UCF,p0
GLKT0ZE01D6PTJ,p1
GLKT0ZE01B2O9X,p1
GLKT0ZE01C4Q2E,p0
GLKT0ZE01DE7HR,p1
GLKT0ZE01DOOZ5,p1
GLKT0ZE01B6LWT,p0
GLKT0ZE01BEOID,p1
GLKT0ZE01EV2ED,p0
GLKT0ZE01B3LZ9,p1
GLKT0ZE01ECSWF,p1
GLKT0ZE01DJH4H,p1
GLKT0ZE01BS4VF,p0
GLKT0ZE01A6NNW,p1
GLKT0ZE01ER0OO,p0
GLKT0ZE01ASR1H,p1
GLKT0ZE01C5MFE,p0
GLKT0ZE01B2PO5,p0
GLKT0ZE01AOYDT,p1
GLKT0ZE01EJOZ3,p0
GLKT0ZE01ER4O1,p1
GLKT0ZE01AF0BL,p1
GLKT0ZE01DQ7D7,p0
GLKT0ZE01EYVPX,p1
GLKT0ZE01D6K5I,p0
GLKT0ZE01AHEQK,p0
GLKT0ZE01ETUEY,p1
GLKT0ZE01B8IG6,p1
GLKT0ZE01B8VX0,p0
GLKT0ZE01DEUQ7,p1
GLKT0ZE01CN2I2,p0
GLKT0ZE01DKFD6,p0
GLKT0ZE01DBDC7,p0
GLKT0ZE01BCN6K,p0
GLKT0ZE01CEYOL,p0
GLKT0ZE01BA33Q,p1
GLKT0ZE01CCNA8,p0
GLKT0ZE01C0C8T,p0
GLKT0ZE01DL5AV,p1
GLKT0ZE01AUUU3,p1
GLKT0ZE01CQB0K,p1
GLKT0ZE01DUE2M,p1
GLKT0ZE01BXHVJ,p0
GLKT0ZE01BG6C9,p0
GLKT0ZE01C2JY3,p0
GLKT0ZE01BLQZN,p0
GLKT0ZE01B9UND,p0
GLKT0ZE01A9IKV,p1
GLKT0ZE01DR7E2,p1
GLKT0ZE01BCMMP,p1
GLKT0ZE01DL5A4,p1
GLKT0ZE01A7QJG,p0
GLKT0ZE01AJ5F4,p1
GLKT0ZE01ALEPY,p1
GLKT0ZE01A21TD,p1
GLKT0ZE01CJC2W,p1
GLKT0ZE01ANZGJ,p1
GLKT0ZE01DM9RU,p0
GLKT0ZE01BXJD4,p1
GLKT0ZE01EIWAW,p0
GLKT0ZE01ED92E,p1
GLKT0ZE01CGQD0,p0
GLKT0ZE01D0KJX,p0
GLKT0ZE01EHG5L,p0
GLKT0ZE01CM3QN,p1
GLKT0ZE01AYCCO,p0
GLKT0ZE01CYG86,p0
GLKT0ZE01DSX42,p0
GLKT0ZE01DAS6B,p0
GLKT0ZE01EGI05,p1
GLKT0ZE01CQ2DL,p1
GLKT0ZE01CESUR,p1
GLKT0ZE01AGMYU,p1
GLKT0ZE01AZ0PL,p1
GLKT0ZE01CFDHQ,p1
GLKT0ZE01BB8DY,p0
GLKT0ZE01ASRDP,p1
GLKT0ZE01ES1KX,p1
GLKT0ZE01EBRUH,p0
GLKT0ZE01D5REW,p1
GLKT0ZE01ADROD,p1
GLKT0ZE01ERRTM,p0
GLKT0ZE01EJ9YT,p0
GLKT0ZE01CI0QK,p1
GLKT0ZE01ERZ6H,p0
GLKT0ZE01CUUXA,p1
GLKT0ZE01CN0I0,p0
GLKT0ZE01EHHTN,p1
GLKT0ZE01AXTYW,p1
GLKT0ZE01A9VOG,p0
GLKT0ZE01BPHOX,p1
GLKT0ZE01BFAI4,p0
GLKT0ZE01C989S,p1
GLKT0ZE01A689X,p0
GLKT0ZE01B2G8Y,p0
GLKT0ZE01CLJX0,p1
GLKT0ZE01DXODP,p1
GLKT0ZE01AXJ9E,p0
GLKT0ZE01BOZYD,p1
GLKT0ZE01DOL7C,p0
GLKT0ZE01APC5J,p0
GLKT0ZE01C80V4,p0
GLKT0ZE01DODIX,p0
GLKT0ZE01CO9E1,p0
GLKT0ZE01AN0K5,p0
GLKT0ZE01DPPGC,p0
GLKT0ZE01D92XB,p0
GLKT0ZE01DG3A4,p0
GLKT0ZE01C8A59,p1
GLKT0ZE01AVN1L,p0
GLKT0ZE01BZGGA,p1
GLKT0ZE01DJWV5,p1
GLKT0ZE01BTW98,p1
GLKT0ZE01BSJQ2,p0
GLKT0ZE01BTTBG,p0
GLKT0ZE01DSGP2,p0
GLKT0ZE01DOXQS,p0
GLKT0ZE01D2E31,p0
GLKT0ZE01EDNVB,p0
GLKT0ZE01C33NK,p1
GLKT0ZE01DG6C2,p1
GLKT0ZE01AZ8VD,p0
GLKT0ZE01B7MBX,p0
GLKT0ZE01CXL98,p1
GLKT0ZE01AHTR6,p0
GLKT0ZE01C4ZWI,p0
GLKT0ZE01DGKL5,p1
GLKT0ZE01C1SIV,p0
GLKT0ZE01DFBDC,p0
GLKT0ZE01ESRZN,p0
GLKT0ZE01APE1O,p0
GLKT0ZE01AFVBE,p1
GLKT0ZE01B45KM,p1
GLKT0ZE01AY5ZU,p0
GLKT0ZE01AU1KG,p1
GLKT0ZE01CABAB,p0
GLKT0ZE01DJOGU,p0
GLKT0ZE01A3SSL,p1
GLKT0ZE01DRYJ4,p1
GLKT0ZE01EUCEU,p0
GLKT0ZE01CLNB3,p1
GLKT0ZE01BU1YV,p0
GLKT0ZE01DNHR0,p0
GLKT0ZE01D41NU,p1
GLKT0ZE01D9ZF1,p1
GLKT0ZE01EQE5W,p0
GLKT0ZE01DCP3V,p0
GLKT0ZE01AMILP,p1
GLKT0ZE01CGMO2,p1
GLKT0ZE01D5TZ8,p0
GLKT0ZE01D27B8,p1
GLKT0ZE01CYW80,p1
GLKT0ZE01CLI5X,p0
GLKT0ZE01AOYGK,p1
GLKT0ZE01CNU3X,p0
GLKT0ZE01BJGI3,p1
GLKT0ZE01DLR8P,p0
GLKT0ZE01A84GX,p0
GLKT0ZE01DSVU1,p1
GLKT0ZE01ANNQJ,p0
GLKT0ZE01C0W1X,p1
GLKT0ZE01DIRAO,p1
GLKT0ZE01B70QU,p0
GLKT0ZE01CXGI9,p0
GLKT0ZE01BX4C6,p1
GLKT0ZE01CIRIW,p1
GLKT0ZE01EJYRK,p0
GLKT0ZE01A91S8,p0
GLKT0ZE01DOTBH,p1
GLKT0ZE01D7JPY,p1
GLKT0ZE01CWDZ3,p0
GLKT0ZE01EB7BB,p0
GLKT0ZE01EM1LS,p1
GLKT0ZE01BZGUW,p1
GLKT0ZE01B1WM6,p1
GLKT0ZE01BQWG2,p0
GLKT0ZE01BTVXB,p1
GLKT0ZE01EBGQJ,p1
GLKT0ZE01BKHUF,p0
GLKT0ZE01CDGCW,p0
GLKT0ZE01BTZ3G,p0
GLKT0ZE01DMKFU,p1
GLKT0ZE01BFK03,p1
GLKT0ZE01BG2XF,p1
GLKT0ZE01CN3X8,p0
GLKT0ZE01ECGAD,p0
GLKT0ZE01DMKE9,p1
GLKT0ZE01DC3J4,p1
GLKT0ZE01CR5F5,p1
GLKT0ZE01DRNUT,p0
GLKT0ZE01BVPLH,p1
GLKT0ZE01AJZL1,p0
GLKT0ZE01DY40N,p0
GLKT0ZE01DOH4Z,p0
GLKT0ZE01B4FWM,p1
GLKT0ZE01AZN0C,p1
GLKT0ZE01AKG5U,p1
GLKT0ZE01ED4XW,p0
GLKT0ZE01AUSPA,p0
GLKT0ZE01EN5CA,p0
GLKT0ZE01A5JTO,p0
GLKT0ZE01BMD0C,p1
GLKT0ZE01E1B73,p0
GLKT0ZE01BLUA3,p1
GLKT0ZE01D4R9I,p1
GLKT0ZE01EF5OA,p1
GLKT0ZE01C5Z4U,p0
GLKT0ZE01C5L01,p1
GLKT0ZE01AJMJH,p0
GLKT0ZE01DUJZC,p0
GLKT0ZE01DLKCG,p0
GLKT0ZE01C4V2T,p0
GLKT0ZE01DOQXM,p0
GLKT0ZE01CGDT4,p0
GLKT0ZE01BL9VR,p1
GLKT0ZE01EIQP7,p1
GLKT0ZE01BMFW4,p1
GLKT0ZE01BTQ3C,p1
GLKT0ZE01CZ6QM,p0
GLKT0ZE01CWL7N,p0
GLKT0ZE01DUEVJ,p0
GLKT0ZE01CCE6R,p1
GLKT0ZE01A65J9,p1
GLKT0ZE01BVYNU,p1
GLKT0ZE01EKEAS,p0
GLKT0ZE01CSCAJ,p1
GLKT0ZE01BOB1W,p0
GLKT0ZE01D0BGW,p0
GLKT0ZE01EMRJP,p0
GLKT0ZE01CM5TH,p0
GLKT0ZE01CPR72,p0
GLKT0ZE01EE89L,p0
GLKT0ZE01BF6FS,p0
GLKT0ZE01EAK1W,p0
GLKT0ZE01DQ5CL,p1
GLKT0ZE01D617G,p1
GLKT0ZE01C7OCL,p1
GLKT0ZE01CGSA4,p0
GLKT0ZE01B694P,p0
GLKT0ZE01BKGMA,p1
GLKT0ZE01CD2TW,p0
GLKT0ZE01EJ4KA,p0
GLKT0ZE01ANMVU,p1
GLKT0ZE01BHI2F,p1
GLKT0ZE01E3YKT,p0
GLKT0ZE01AZVQ1,p0
GLKT0ZE01B3SVP,p0
GLKT0ZE01AL0SO,p1
GLKT0ZE01AP9OH,p1
GLKT0ZE01BRR5K,p1
GLKT0ZE01CW10Z,p1
GLKT0ZE01CQZAR,p1
GLKT0ZE01ERLF9,p1
GLKT0ZE01C939Q,p0
GLKT0ZE01DGZ4H,p1
GLKT0ZE01EY3ZK,p1
GLKT0ZE01A608I,p0
GLKT0ZE01CZ1Y0,p0
GLKT0ZE01BOIMI,p1
GLKT0ZE01ATV77,p0
GLKT0ZE01DYS5A,p0
GLKT0ZE01AJGKG,p0
GLKT0ZE01A0LG5,p1
GLKT0ZE01EVW53,p1
GLKT0ZE01CK96B,p0
GLKT0ZE01BT6QU,p1
GLKT0ZE01BSEOE,p1
GLKT0ZE01BSJPT,p1
GLKT0ZE01DOYMD,p0
GLKT0ZE01BNDIB,p0
GLKT0ZE01DGWWD,p1
GLKT0ZE01BRQXA,p0
GLKT0ZE01EOMRT,p1
GLKT0ZE01DNHQM,p1
GLKT0ZE01BMXT8,p1
GLKT0ZE01CPP09,p1
GLKT0ZE01AXDKS,p1
GLKT0ZE01B2ZS0,p1
GLKT0ZE01BAXYI,p0
GLKT0ZE01BQFJQ,p1
GLKT0ZE01BUBZT,p1
GLKT0ZE01EGGFG,p0
GLKT0ZE01DBG23,p0
GLKT0ZE01EXMGQ,p0
GLKT0ZE01D97ZX,p0
GLKT0ZE01DHQ70,p1
GLKT0ZE01EKFUK,p1
GLKT0ZE01B2MIO,p1
GLKT0ZE01A5ZWU,p0
GLKT0ZE01AUL54,p0
GLKT0ZE01CLW6I,p0
GLKT0ZE01AU06S,p1
GLKT0ZE01DI54R,p0
GLKT0ZE01CUEIO,p0
GLKT0ZE01EXYZ8,p0
GLKT0ZE01C1ZF4,p1
GLKT0ZE01AF43E,p0
GLKT0ZE01A0NEW,p1
GLKT0ZE01EW9O4,p0
GLKT0ZE01D23AI,p0
GLKT0ZE01DE71I,p0
GLKT0ZE01EM8AI,p0
GLKT0ZE01ANO2G,p0
GLKT0ZE01EUD2J,p1
GLKT0ZE01AVR83,p1
GLKT0ZE01C7DUZ,p0
GLKT0ZE01AQRUW,p0
GLKT0ZE01ALPZP,p0
GLKT0ZE01AR8JM,p1
GLKT0ZE01AW420,p1
GLKT0ZE01COCU7,p0
GLKT0ZE01COZJE,p0
GLKT0ZE01EHMFL,p0
GLKT0ZE01EH75P,p0
GLKT0ZE01DMPDM,p1
GLKT0ZE01CREJZ,p1
GLKT0ZE01CCTUE,p1
GLKT0ZE01AZ9C6,p1
GLKT0ZE01CAFZ2,p0
GLKT0ZE01DRECY,p0
GLKT0ZE01DYC2F,p0
GLKT0ZE01DGITV,p1
GLKT0ZE01E3I0R,p0
GLKT0ZE01EW1YF,p1
GLKT0ZE01BXNFO,p1
GLKT0ZE01EIR90,p0
GLKT0ZE01C18ZH,p1
GLKT0ZE01EA08R,p0
GLKT0ZE01BKRSY,p0
GLKT0ZE01EZ1MI,p1
GLKT0ZE01C2HN1,p0
GLKT0ZE01AWMAL,p0
GLKT0ZE01BHF89,p0
GLKT0ZE01D3FDZ,p0
GLKT0ZE01BZZQQ,p1
GLKT0ZE01A7SL1,p0
GLKT0ZE01B8O85,p0
GLKT0ZE01AUBRD,p0
GLKT0ZE01B9MS2,p0
GLKT0ZE01A0CQW,p0
GLKT0ZE01EPJ1W,p1
GLKT0ZE01BYRSP,p1
GLKT0ZE01DIHEC,p1
GLKT0ZE01D6BZU,p0
GLKT0ZE01A6AIU,p1
GLKT0ZE01BP8E6,p1
GLKT0ZE01DF1BW,p1
GLKT0ZE01DKFGS,p0
GLKT0ZE01ELZ7B,p0
GLKT0ZE01BED44,p1
GLKT0ZE01B0ULM,p1
GLKT0ZE01A86DZ,p0
GLKT0ZE01DLFJM,p0
GLKT0ZE01CFHNE,p0
GLKT0ZE01C28AQ,p0
GLKT0ZE01D3RN8,p1
GLKT0ZE01B8GZM,p1
GLKT0ZE01DUHYB,p1
GLKT0ZE01AO5UI,p0
GLKT0ZE01CNYN8,p0
GLKT0ZE01CMA6Y,p0
GLKT0ZE01AHKC0,p1
GLKT0ZE01EFLSY,p0
GLKT0ZE01D7QFN,p1
GLKT0ZE01CBB8I,p0
GLKT0ZE01DJ5AP,p0
GLKT0ZE01EUKK3,p0
GLKT0ZE01A3OON,p0
GLKT0ZE01AVQ3L,p0
GLKT0ZE01DPX28,p1
GLKT0ZE01A3RV8,p0
GLKT0ZE01DITWU,p0
GLKT0ZE01AEF0Y,p1
GLKT0ZE01EC2WM,p0
GLKT0ZE01C0JT0,p0
GLKT0ZE01D6FOD,p1
GLKT0ZE01DDYKZ,p1
GLKT0ZE01BMN3M,p1
GLKT0ZE01DEABF,p0
GLKT0ZE01BW4FV,p0
GLKT0ZE01CJNJC,p1
GLKT0ZE01D0ZE3,p1
GLKT0ZE01BLNVF,p0
GLKT0ZE01AI61F,p1
GLKT0ZE01DGRUJ,p0
GLKT0ZE01DXCYS,p0
GLKT0ZE01DXB94,p0
GLKT0ZE01AGFYB,p1
GLKT0ZE01DZQ34,p0
GLKT0ZE01ELJ7Y,p1
GLKT0ZE01C2B1E,p0
GLKT0ZE01CSBPO,p1
GLKT0ZE01DGXL1,p1
GLKT0ZE01D5XYC,p1
GLKT0ZE01C0GSO,p0
GLKT0ZE01CR5OE,p0
GLKT0ZE01AV6M0,p0
GLKT0ZE01A6M2I,p1
GLKT0ZE01BWH2R,p1
GLKT0ZE01ANEOT,p1
GLKT0ZE01BJ6A8,p0
GLKT0ZE01ENIGR,p1
GLKT0ZE01EMZ74,p1
GLKT0ZE01D5JVE,p1
GLKT0ZE01AM8EG,p0
GLKT0ZE01ATF6D,p1
GLKT0ZE01BLD57,p1
GLKT0ZE01BW4UV,p0
GLKT0ZE01DDNOC,p1
GLKT0ZE01BO4IX,p1
GLKT0ZE01DI5DO,p1
GLKT0ZE01CPKPD,p1
GLKT0ZE01EINQ7,p1
GLKT0ZE01CQPR5,p1
GLKT0ZE01APFG2,p0
GLKT0ZE01D9MS6,p1
GLKT0ZE01DTXVI,p0
GLKT0ZE01DUPF5,p0
GLKT0ZE01DNEF3,p0
GLKT0ZE01DE9OT,p1
GLKT0ZE01A9CND,p0
GLKT0ZE01AS880,p1
GLKT0ZE01AHEW0,p0
GLKT0ZE01CBHEP,p1
GLKT0ZE01AK9FI,p0
GLKT0ZE01C7LQW,p0
GLKT0ZE01EAC6R,p1
GLKT0ZE01EEDKF,p0
GLKT0ZE01BTK3M,p1
GLKT0ZE01DJ4GP,p0
GLKT0ZE01DMNWO,p1
GLKT0ZE01ATVQ5,p1
GLKT0ZE01AYUM8,p0
GLKT0ZE01CXTHN,p1
GLKT0ZE01EJGPB,p0
GLKT0ZE01CAN8G,p1
GLKT0ZE01A6PFS,p0
GLKT0ZE01EY4WF,p0
GLKT0ZE01CIH50,p1
GLKT0ZE01C4L0G,p0
GLKT0ZE01BTLM0,p1
GLKT0ZE01BSARK,p0
GLKT0ZE01BVA7X,p0
GLKT0ZE01CS7I4,p1
GLKT0ZE01AG8PH,p0
GLKT0ZE01BD6TU,p0
GLKT0ZE01CXN7F,p0
GLKT0ZE01DVF18,p0
GLKT0ZE01A9ARQ,p0
GLKT0ZE01D2PTC,p0
GLKT0ZE01CW1JM,p0
GLKT0ZE01D6JL8,p0
GLKT0ZE01CLM9K,p1
GLKT0ZE01C3V15,p1
GLKT0ZE01EDZDP,p1
GLKT0ZE01C0TIP,p0
GLKT0ZE01DW7L7,p0
GLKT0ZE01CKRBM,p1
GLKT0ZE01A2RDQ,p1
GLKT0ZE01BI24B,p0
GLKT0ZE01CQMGN,p0
GLKT0ZE01EL4WT,p1
GLKT0ZE01DWCSN,p1
GLKT0ZE01ECJVN,p0
GLKT0ZE01EE76Z,p1
GLKT0ZE01CA2PZ,p1
GLKT0ZE01DHUBD,p1
GLKT0ZE01BWZE3,p0
GLKT0ZE01AU193,p0
GLKT0ZE01CUKL6,p0
GLKT0ZE01D42JQ,p0
GLKT0ZE01A3SQ8,p1
GLKT0ZE01DGORA,p0
GLKT0ZE01ENDJA,p1
GLKT0ZE01COL8M,p0
GLKT0ZE01BJPO7,p0
GLKT0ZE01APLCV,p1
GLKT0ZE01AK8PQ,p0
GLKT0ZE01EQHXT,p1
GLKT0ZE01DJJ9T,p0
GLKT0ZE01BD107,p0
GLKT0ZE01EEQ2P,p1
GLKT0ZE01C7R8W,p0
GLKT0ZE01CMS9B,p0
GLKT0ZE01EE0W7,p1
GLKT0ZE01B43U9,p0
GLKT0ZE01DOX9R,p0
GLKT0ZE01BVLAL,p1
GLKT0ZE01EJ9VV,p0
GLKT0ZE01A1W23,p1
GLKT0ZE01B8C2F,p0
GLKT0ZE01C2KWF,p0
GLKT0ZE01AH1WU,p0
GLKT0ZE01CTSDF,p0
GLKT0ZE01DG6W1,p0
GLKT0ZE01EGFSZ,p0
GLKT0ZE01CTSDC,p1
GLKT0ZE01A324J,p0
GLKT0ZE01D58OX,p0
GLKT0ZE01A9X8Z,p0
GLKT0ZE01BX9XT,p0
GLKT0ZE01DU84W,p1
GLKT0ZE01AGLYJ,p0
GLKT0ZE01DITVB,p1
GLKT0ZE01EYIDO,p1
GLKT0ZE01EKCNK,p1
GLKT0ZE01BJ19Y,p1
GLKT0ZE01EH7Y6,p1
GLKT0ZE01EN50O,p1
GLKT0ZE01EZBGI,p1
GLKT0ZE01EBCIE,p0
GLKT0ZE01B66IL,p0
GLKT0ZE01BV9IE,p0
GLKT0ZE01EJ8OJ,p0
GLKT0ZE01APDZL,p1
GLKT0ZE01DOCKG,p0
GLKT0ZE01AY5F8,p0
GLKT0ZE01D9NJH,p0
GLKT0ZE01CNS35,p0
GLKT0ZE01EXH3B,p0
GLKT0ZE01DLTYV,p0
GLKT0ZE01B5VZN,p1
GLKT0ZE01EQKF0,p1
GLKT0ZE01ELGZ8,p1
GLKT0ZE01BABID,p1
GLKT0ZE01EEBWX,p0
GLKT0ZE01B6O6J,p1
GLKT0ZE01AYCYV,p1
GLKT0ZE01CL0BS,p1
GLKT0ZE01B4WBC,p1
GLKT0ZE01D387U,p1
GLKT0ZE01D59W9,p0
GLKT0ZE01BZNUA,p1
GLKT0ZE01CQSEK,p0
